issue_key,dominant_topic,dominant_topic_share,n_topics_present,topic_0_proportion,topic_1_proportion,topic_2_proportion
YARN-10650,2,0.998574483250178,1,0.0007127583749110556,0.0007127583749110556,0.998574483250178
YARN-11025,1,0.6538814740216378,2,0.34584847466861335,0.6538814740216378,0.000270051309748918
YARN-11005,1,0.8611885485608864,1,0.13854140012936478,0.8611885485608864,0.00027005130974890935
YARN-11003,1,0.9072125921275933,1,0.00023792529145854181,0.9072125921275933,0.0925494825809481
YARN-11002,1,0.9998895210738552,1,5.52394630724375e-05,0.9998895210738552,5.52394630724375e-05
YARN-10980,0,0.5019072410038741,3,0.5019072410038741,0.1734969966268045,0.3245957623693216
YARN-10955,2,0.7354378141474769,2,0.00010306090899725321,0.2644591249435258,0.7354378141474769
YARN-10930,2,0.9996156063809339,1,0.00019219680953302381,0.00019219680953302381,0.9996156063809339
YARN-10928,2,0.9995920864776666,1,0.00020395676116666587,0.00020395676116666587,0.9995920864776666
YARN-10899,2,0.3985034587307785,3,0.25550788327530793,0.34598865799391343,0.3985034587307785
YARN-10898,0,0.999394489857705,1,0.999394489857705,0.00030275507114755284,0.00030275507114755284
YARN-10889,0,0.9966832504145935,1,0.9966832504145935,0.0016583747927032728,0.0016583747927032728
YARN-10843,0,0.7082567675064627,2,0.7082567675064627,0.0006653359946775152,0.2910778964988598
YARN-10835,0,0.5084322790956194,2,0.5084322790956194,0.00018171906232966907,0.4913860018420509
YARN-10790,0,0.7760301654087018,2,0.7760301654087018,0.040031500952020516,0.1839383336392776
YARN-10782,0,0.777360172765334,2,0.777360172765334,0.0007674597083654801,0.22187236752630063
YARN-10759,2,0.999131567520625,1,0.0004342162396875055,0.0004342162396875055,0.999131567520625
YARN-10758,2,0.9994449070219259,1,0.0002775464890369895,0.0002775464890369895,0.9994449070219259
YARN-10755,1,0.6137286161798876,2,0.09998212972293462,0.6137286161798876,0.28628925409717787
YARN-10738,2,0.9993339993339992,1,0.0003330003330003974,0.0003330003330003974,0.9993339993339992
YARN-10714,0,0.6909227480088761,2,0.6909227480088761,0.10504933580796509,0.20402791618315877
YARN-10655,2,0.6201081315732446,2,0.3796356552573983,0.0002562131693569653,0.6201081315732446
YARN-10623,0,0.5763271042231933,3,0.5763271042231933,0.19716211148977061,0.22651078428703605
YARN-10621,0,0.9998319751323195,1,0.9998319751323195,8.401243384024283e-05,8.401243384024283e-05
YARN-10617,1,0.7721540617800073,2,0.00027005130974890805,0.7721540617800073,0.22757588691024358
YARN-10598,0,0.9997261399424892,1,0.9997261399424892,0.00013693002875533883,0.00013693002875533883
YARN-10585,2,0.524064146567316,2,0.4754103673580642,0.0005254860746197835,0.524064146567316
YARN-10581,0,0.9994598973805023,1,0.9994598973805023,0.0002700513097489019,0.0002700513097489019
YARN-10579,0,0.5932180029154419,2,0.5932180029154419,0.0004992511233150983,0.40628274596124303
YARN-10571,0,0.8032678337603018,2,0.8032678337603018,0.19620668016507892,0.0005254860746191347
YARN-10564,0,0.7911548712289336,2,0.7911548712289336,0.05437802999682232,0.15446709877424408
YARN-10546,2,0.6141529484130318,2,0.3853715404124556,0.0004755111745127021,0.6141529484130318
YARN-10534,1,0.5706653107323082,2,0.42903193419654445,0.5706653107323082,0.0003027550711475218
YARN-10524,2,0.9997334399573504,1,0.00013328002132482398,0.00013328002132482398,0.9997334399573504
YARN-10521,2,0.6839814596101009,2,0.31568554005689864,0.00033300033300040786,0.6839814596101009
YARN-10514,2,0.9388781686030793,1,0.06093674903526975,0.00018508236165096857,0.9388781686030793
YARN-10512,2,0.5972835117344897,2,0.40234652896103384,0.0003699593044765751,0.5972835117344897
YARN-10505,2,0.9997873019249176,1,0.0001063490375412441,0.0001063490375412441,0.9997873019249176
YARN-10496,0,0.7672881063956092,2,0.7672881063956092,0.00012815583749843694,0.2325837377668925
YARN-10493,0,0.9983374896093096,1,0.9983374896093096,0.0008312551953452529,0.0008312551953452529
YARN-10478,0,0.3689577643748018,3,0.3689577643748018,0.2850417644929869,0.34600047113221133
YARN-10473,0,0.9981867633726197,1,0.9981867633726197,0.0009066183136901481,0.0009066183136901481
YARN-10449,1,0.9995835935873413,1,0.0002082032063294229,0.9995835935873413,0.0002082032063294229
YARN-10436,2,0.570575374939419,2,0.13381686989403244,0.2956077551665485,0.570575374939419
YARN-10433,2,0.9995747395279606,1,0.00021263023601967725,0.00021263023601967725,0.9995747395279606
YARN-10432,2,0.9995003747189606,1,0.00024981264051968116,0.00024981264051968116,0.9995003747189606
YARN-10431,0,0.5443310777347312,3,0.5443310777347312,0.24727587783299432,0.2083930444322745
YARN-10422,2,0.9996924496386284,1,0.00015377518068587852,0.00015377518068587852,0.9996924496386284
YARN-10421,2,0.9307285322890269,1,9.006574799605367e-05,0.06918140196297709,0.9307285322890269
YARN-10406,2,0.5068761981672468,2,0.3759495412602926,0.11717426057246051,0.5068761981672468
YARN-10389,2,0.5537227830794692,2,0.4459072576160542,0.00036995930447658457,0.5537227830794692
YARN-10384,0,0.6995019491903751,2,0.6995019491903751,0.00034447123665193514,0.3001535795729729
YARN-10376,0,0.9993339993339991,1,0.9993339993339991,0.0003330003330003919,0.0003330003330003919
YARN-10375,0,0.8264914712353819,2,0.8264914712353819,0.1731640575279663,0.0003444712366518399
YARN-10374,0,0.9306420700649148,1,0.9306420700649148,0.0004161464835624298,0.06894178345152269
YARN-10370,0,0.671801627140889,2,0.671801627140889,0.00027005130974892946,0.32792832154936213
YARN-10043,0,0.9975093399750928,1,0.9975093399750928,0.00124533001245361,0.00124533001245361
YARN-10352,1,0.8661912076138456,1,0.00014486455164425458,0.8661912076138456,0.1336639278345101
YARN-10335,0,0.6389910385867197,2,0.6389910385867197,0.36055503494936725,0.00045392646391294105
YARN-10333,2,0.9172540846513461,1,0.0002629503023928829,0.08248296504626096,0.9172540846513461
YARN-10323,2,0.873926827325483,1,0.12587329260256008,0.00019988007195689044,0.873926827325483
YARN-10311,2,0.9986693280106452,1,0.0006653359946773787,0.0006653359946773787,0.9986693280106452
YARN-10304,2,0.9993554624556878,1,0.00032226877215606653,0.00032226877215606653,0.9993554624556878
YARN-10292,0,0.6787693535070157,2,0.6787693535070157,0.0005871990604818067,0.3206434474325025
YARN-10281,2,0.9985744832501776,1,0.0007127583749111851,0.0007127583749111851,0.9985744832501776
YARN-10276,2,0.999131567520625,1,0.0004342162396874778,0.0004342162396874778,0.999131567520625
YARN-10246,1,0.5566552899215196,2,0.44292856359491795,0.5566552899215196,0.00041614648356234733
YARN-10238,2,0.8287857733675916,2,0.00025621316935696913,0.17095801346305128,0.8287857733675916
YARN-10229,2,0.546777529294219,3,0.15206362626262523,0.3011588444431557,0.546777529294219
YARN-10216,2,0.8307966064414276,2,0.16899519035224297,0.0002082032063294621,0.8307966064414276
YARN-10028,2,0.6205868637744125,2,0.3788876501509683,0.0005254860746192278,0.6205868637744125
YARN-10214,1,0.5596109236632877,2,0.0005871990604816242,0.5596109236632877,0.4398018772762308
YARN-10181,0,0.7342302193988889,2,0.7342302193988889,0.26493852540576573,0.0008312551953453429
YARN-10162,0,0.605772110850634,2,0.605772110850634,0.39381174266580354,0.0004161464835623648
YARN-10126,2,0.595175216644639,2,0.0005871990604816724,0.4042375842948793,0.595175216644639
YARN-10114,2,0.6210454661190171,3,0.1763673363033111,0.20258719757767174,0.6210454661190171
YARN-10101,2,0.7591018760198489,2,0.000525486074619101,0.240372637905532,0.7591018760198489
YARN-10100,0,0.9992864787727431,1,0.9992864787727431,0.0003567606136284083,0.0003567606136284083
YARN-10099,2,0.698859946855712,2,0.30102244759330593,0.00011760555098204877,0.698859946855712
YARN-10096,0,0.9960238568588464,1,0.9960238568588464,0.00198807157057684,0.00198807157057684
YARN-10094,2,0.5863484507864395,2,0.13248575218706587,0.2811657970264947,0.5863484507864395
YARN-10079,0,0.7723145497689426,2,0.7723145497689426,0.22702011423638002,0.0006653359946774069
YARN-10062,2,0.7282822657681798,2,0.0004992511233151115,0.2712184831085051,0.7282822657681798
YARN-10039,0,0.9977851605758581,1,0.9977851605758581,0.0011074197120709986,0.0011074197120709986
YARN-10032,2,0.999429060805024,1,0.00028546959748792144,0.00028546959748792144,0.999429060805024
YARN-10031,2,0.5150818930148174,3,0.24253015552095958,0.24238795146422298,0.5150818930148174
YARN-10022,1,0.40869862225884607,3,0.40175817616784953,0.40869862225884607,0.18954320157330434
YARN-9927,2,0.8035059083737927,2,0.0002323960027888241,0.19626169562341858,0.8035059083737927
YARN-9936,2,0.8596434013548532,1,0.14020282346446103,0.00015377518068586033,0.8596434013548532
YARN-9926,2,0.8170100222354285,2,0.0002629503023929288,0.1827270274621785,0.8170100222354285
YARN-9923,1,0.5526009825760491,2,0.4472814118729689,0.5526009825760491,0.00011760555098205838
YARN-9916,2,0.9993944898577047,1,0.00030275507114759225,0.00030275507114759225,0.9993944898577047
YARN-9904,2,0.8257034092624503,2,0.1740745165647759,0.00022207417277376876,0.8257034092624503
YARN-9899,0,0.4234823207559693,3,0.4234823207559693,0.16636107566466019,0.41015660357937056
YARN-9897,0,0.6584614146708742,2,0.6584614146708742,0.00013693002875535235,0.3414016553003704
YARN-9879,2,0.5938402483600829,2,0.40557255257943525,0.0005871990604818542,0.5938402483600829
YARN-9848,1,0.7633054494785896,2,0.2361952993980952,0.7633054494785896,0.0004992511233151715
YARN-9809,1,0.9991677070328753,1,0.00041614648356228423,0.9991677070328753,0.00041614648356228423
YARN-9805,2,0.5135465643055707,2,0.4858662366339477,0.0005871990604817001,0.5135465643055707
YARN-9748,2,0.6446135694116275,2,0.35461897088000693,0.0007674597083654758,0.6446135694116275
YARN-9726,2,0.9993110575266964,1,0.00034447123665185507,0.00034447123665185507,0.9993110575266964
YARN-9802,0,0.9981867633726199,1,0.9981867633726199,0.0009066183136900844,0.0009066183136900844
YARN-9768,1,0.812430252155335,2,0.0002938583602705255,0.812430252155335,0.18727588948439433
YARN-9761,2,0.7920701968441457,2,0.000623830318153634,0.2073059728377006,0.7920701968441457
YARN-9760,2,0.5121060380717088,2,0.4876164154392541,0.000277546489036955,0.5121060380717088
YARN-9746,2,0.9148510424136516,1,0.00016121231662103737,0.08498774526972735,0.9148510424136516
YARN-9754,1,0.7848160625508459,2,0.21470842627464123,0.7848160625508459,0.000475511174512849
YARN-9753,2,0.9996668332500415,1,0.0001665833749792207,0.0001665833749792207,0.9996668332500415
YARN-9737,2,0.7759416819588537,2,0.0002220741727737878,0.22383624386837253,0.7759416819588537
YARN-9730,2,0.8039539507124538,2,0.1959349752011306,0.0001110740864156592,0.8039539507124538
YARN-9698,0,0.5020490439830069,2,0.5020490439830069,0.00026295030239293314,0.4976880057146003
YARN-9697,1,0.9996298352766981,1,0.00018508236165097492,0.9996298352766981,0.00018508236165097492
YARN-9686,2,0.7185762956158341,2,0.00012981955082438454,0.2812938848333415,0.7185762956158341
YARN-9671,2,0.999512551791372,1,0.00024372410431397644,0.00024372410431397644,0.999512551791372
YARN-9669,0,0.7767194168539115,2,0.7767194168539115,0.056834245860451986,0.16644633728563651
YARN-9664,2,0.9990921470721742,1,0.00045392646391293547,0.00045392646391293547,0.9990921470721742
YARN-9663,2,0.9988907376594558,1,0.0005546311702721356,0.0005546311702721356,0.9988907376594558
YARN-9656,2,0.5850493438555823,3,0.22157225984128293,0.19337839630313475,0.5850493438555823
YARN-9652,2,0.6249952213363509,2,0.3746348193591724,0.00036995930447663965,0.6249952213363509
YARN-9634,2,0.9996924496386284,1,0.00015377518068587065,0.00015377518068587065,0.9996924496386284
YARN-9633,2,0.8237622453273965,2,0.17580353843291613,0.00043421623968746553,0.8237622453273965
YARN-9618,2,0.6303451584879398,2,0.0003122073056510586,0.36934263420640917,0.6303451584879398
YARN-9609,2,0.5859355193527837,2,0.00030275507114749803,0.4137617255760688,0.5859355193527837
YARN-9607,2,0.9996156063809338,1,0.0001921968095330402,0.0001921968095330402,0.9996156063809338
YARN-9603,2,0.8370029853081754,2,0.16275329058751062,0.00024372410431394687,0.8370029853081754
YARN-9577,2,0.9986693280106452,1,0.000665335994677377,0.000665335994677377,0.9986693280106452
YARN-9555,0,0.7455146808588169,2,0.7455146808588169,0.00027754648903699166,0.25420777265214606
YARN-9528,1,0.9983374896093097,1,0.0008312551953451525,0.9983374896093097,0.0008312551953451525
YARN-9439,2,0.7149364415508401,2,0.2841569401354698,0.0009066183136900712,0.7149364415508401
YARN-9499,0,0.6155035353345851,2,0.6155035353345851,0.3056379618258801,0.0788585028395349
YARN-9477,0,0.7230962623061005,2,0.7230962623061005,0.0004161464835623669,0.27648759121033706
YARN-9473,0,0.9996080736821477,1,0.9996080736821477,0.00019596315892618748,0.00019596315892618748
YARN-9472,2,0.9985744832501781,1,0.0007127583749110033,0.0007127583749110033,0.9985744832501781
YARN-9443,1,0.9990014977533695,1,0.000499251123315172,0.9990014977533695,0.000499251123315172
YARN-9421,1,0.5170696752991399,3,0.19914208078198048,0.5170696752991399,0.28378824391887947
YARN-9416,0,0.9992009588493804,1,0.9992009588493804,0.0003995205753097514,0.0003995205753097514
YARN-9414,0,0.7879690381709751,2,0.7879690381709751,0.00041614648356237796,0.21161481534546248
YARN-9378,0,0.5795814323479407,2,0.5795814323479407,0.42022999514593073,0.00018857250612866691
YARN-9366,2,0.6214722648718207,3,0.1972582540890713,0.1812694810391079,0.6214722648718207
YARN-9346,0,0.7847526140360529,2,0.7847526140360529,0.214692754793675,0.0005546311702721203
YARN-9345,1,0.8763055111926495,1,0.12348628560102101,0.8763055111926495,0.00020820320632946012
YARN-9313,2,0.7499712101015913,2,0.24919753470306372,0.0008312551953450865,0.7499712101015913
YARN-9298,0,0.9977851605758581,1,0.9977851605758581,0.0011074197120710043,0.0011074197120710043
YARN-9292,0,0.5065663477298677,2,0.5065663477298677,0.4933402205220242,9.343174810803745e-05
YARN-9287,2,0.9986693280106446,1,0.0006653359946777444,0.0006653359946777444,0.9986693280106446
YARN-9276,2,0.9992009588493806,1,0.0003995205753096813,0.0003995205753096813,0.9992009588493806
YARN-9249,0,0.5889325862094328,2,0.5889325862094328,0.41081120062121035,0.00025621316935698783
YARN-9230,0,0.9990921470721739,1,0.9990921470721739,0.00045392646391298014,0.00045392646391298014
YARN-9228,0,0.9996298352766981,1,0.9996298352766981,0.00018508236165096256,0.00018508236165096256
YARN-9200,2,0.8036435667363269,2,0.19622135289085121,0.00013508037282188807,0.8036435667363269
YARN-9174,0,0.9986693280106451,1,0.9986693280106451,0.0006653359946774647,0.0006653359946774647
YARN-9150,0,0.9993339993339991,1,0.9993339993339991,0.0003330003330003879,0.0003330003330003879
YARN-9146,1,0.7835961923768211,2,0.21609160031752786,0.7835961923768211,0.0003122073056510591
YARN-9145,0,0.5929905684068183,2,0.5929905684068183,0.40629667321827073,0.0007127583749109816
YARN-9116,2,0.9996971073754354,1,0.00015144631228231363,0.00015144631228231363,0.9996971073754354
YARN-9098,2,0.6456010373947337,2,0.3542497756740415,0.00014918693122487425,0.6456010373947337
YARN-9086,0,0.8898165162260716,1,0.8898165162260716,0.10965799769930923,0.0005254860746191626
YARN-9059,0,0.3811155751531519,3,0.3811155751531519,0.2601716900739019,0.3587127347729461
YARN-9060,0,0.9995003747189608,1,0.9995003747189608,0.0002498126405196619,0.0002498126405196619
YARN-9056,1,0.6492622694109768,2,0.3504154618168671,0.6492622694109768,0.0003222687721560416
YARN-9055,2,0.9997531778353697,1,0.00012341108231521503,0.00012341108231521503,0.9997531778353697
YARN-9050,2,0.875925440226419,1,0.12401504659141108,5.9513182169867154e-05,0.875925440226419
YARN-9045,2,0.9068398665099582,1,0.00019219680953299302,0.09296793668050883,0.9068398665099582
YARN-9038,0,0.48557677511851105,2,0.48557677511851105,0.42438183292358,0.09004139195790888
YARN-9034,2,0.9981867633726198,1,0.0009066183136901272,0.0009066183136901272,0.9981867633726198
YARN-9023,0,0.9336292005432318,1,0.9336292005432318,0.06624738837445286,0.00012341108231523156
YARN-9021,1,0.8934105841651423,1,0.10627720852920682,0.8934105841651423,0.00031220730565103893
YARN-9016,2,0.5148598060557378,2,0.48504762706469173,9.256687957052626e-05,0.5148598060557378
YARN-9015,0,0.753846607365495,2,0.753846607365495,0.00035676061362835534,0.2457966320208766
YARN-9014,0,0.7459586107247456,2,0.7459586107247456,0.25391323343775585,0.00012815583749843187
YARN-9003,0,0.8736482364395399,1,0.8736482364395399,0.00021724961981320936,0.12613451394064698
YARN-9000,2,0.6650486182335784,2,0.3348493721775202,0.00010200958890139181,0.6650486182335784
YARN-8993,0,0.9990921470721741,1,0.9990921470721741,0.0004539264639129039,0.0004539264639129039
YARN-8964,2,0.8882509082912469,1,0.06563655219301713,0.04611253951573602,0.8882509082912469
YARN-8982,1,0.4558786933490558,3,0.19287853965970336,0.4558786933490558,0.35124276699124085
YARN-8962,0,0.8003922058423107,2,0.8003922058423107,0.0005254860746192233,0.19908230808306998
YARN-8761,0,0.5050679807114569,2,0.5050679807114569,0.49430818897038936,0.0006238303181536879
YARN-8981,0,0.8091401167067397,2,0.8091401167067397,0.19075002939893956,0.00010985389432059312
YARN-8978,2,0.9995352079944223,1,0.00023239600278880966,0.00023239600278880966,0.9995352079944223
YARN-8967,0,0.9990489776509746,1,0.9990489776509746,0.0004755111745126649,0.0004755111745126649
YARN-8965,2,0.6112297408082149,2,0.38849271270274816,0.00027754648903702164,0.6112297408082149
YARN-8953,0,0.9991677070328753,1,0.9991677070328753,0.0004161464835623096,0.0004161464835623096
YARN-8913,0,0.8327001051580717,2,0.8327001051580717,0.00015144631228233992,0.16714844852964594
YARN-8890,0,0.9984650805832693,1,0.9984650805832693,0.000767459708365371,0.000767459708365371
YARN-8903,1,0.635489624053991,2,7.631840036636194e-05,0.635489624053991,0.3644340575456426
YARN-8895,1,0.5695902991573666,2,0.0002562131693570194,0.5695902991573666,0.43015348767327627
YARN-8889,0,0.9992864787727433,1,0.9992864787727433,0.0003567606136282857,0.0003567606136282857
YARN-8887,0,0.6165583203249282,2,0.6165583203249282,0.3830849190614432,0.00035676061362841926
YARN-8886,2,0.7796505322725439,2,0.0006238303181535739,0.21972563740930257,0.7796505322725439
YARN-8884,1,0.7150539397895691,2,0.2844705490359181,0.7150539397895691,0.0004755111745126591
YARN-8882,1,0.5043460031594679,2,0.49488653713216674,0.5043460031594679,0.0007674597083654237
YARN-8881,0,0.9990921470721741,1,0.9990921470721741,0.0004539264639129134,0.0004539264639129134
YARN-8880,0,0.6365378350221711,2,0.6365378350221711,0.06376444125671517,0.2996977237211137
YARN-8863,1,0.43513541628929214,3,0.2296073075168015,0.43513541628929214,0.33525727619390633
YARN-8862,1,0.6252551119996831,2,0.3743749286958402,0.6252551119996831,0.0003699593044766082
YARN-8851,0,0.969240731971765,1,0.969240731971765,0.03050945538771549,0.0002498126405196578
YARN-8850,1,0.5351612491747102,2,0.46318037603258605,0.5351612491747102,0.0016583747927037325
YARN-8849,1,0.4914198862191142,3,0.34837594538904104,0.4914198862191142,0.16020416839184484
YARN-8848,0,0.9983374896093098,1,0.9983374896093098,0.000831255195345119,0.000831255195345119
YARN-8839,0,0.6004616461016792,2,0.6004616461016792,0.00020395676116671517,0.3993343971371541
YARN-8838,1,0.4222726054929797,3,0.3462624777527132,0.4222726054929797,0.23146491675430717
YARN-8836,0,0.6729256475208241,2,0.6729256475208241,0.0636633091584895,0.26341104332068643
YARN-8834,0,0.502573285378174,2,0.502573285378174,0.00038417210910495815,0.49704254251272095
YARN-8827,2,0.5056896249711115,2,0.00016385384237265881,0.49414652118651586,0.5056896249711115
YARN-8821,0,0.5275834982010892,2,0.5275834982010892,3.8309772823060364e-05,0.47237819202608766
YARN-8820,0,0.939457140275865,1,0.939457140275865,0.0001537751806858813,0.06038908454344914
YARN-8811,0,0.9280858487279371,1,0.9280858487279371,0.07147993503237529,0.00043421623968746813
YARN-8766,0,0.9983374896093099,1,0.9983374896093099,0.0008312551953450478,0.0008312551953450478
YARN-8765,0,0.9995003747189608,1,0.9995003747189608,0.0002498126405196469,0.0002498126405196469
YARN-8763,2,0.6348331484918327,2,0.36495864830183783,0.00020820320632949097,0.6348331484918327
YARN-8762,0,0.8746355894484422,1,0.8746355894484422,0.00031220730565104343,0.12505220324590674
YARN-8736,0,0.5075397634215084,2,0.5075397634215084,0.0002775464890369479,0.49218269008945464
YARN-8731,0,0.9990014977533695,1,0.9990014977533695,0.0004992511233151632,0.0004992511233151632
YARN-8697,1,0.9995352079944224,1,0.00023239600278881343,0.9995352079944224,0.00023239600278881343
YARN-8696,1,0.9997959808221971,1,0.00010200958890138894,0.9997959808221971,0.00010200958890138894
YARN-8686,1,0.5340226930452157,2,0.0004539264639129997,0.5340226930452157,0.4655233804908713
YARN-8684,2,0.9988907376594561,1,0.0005546311702719308,0.0005546311702719308,0.9988907376594561
YARN-8673,1,0.8290459523773194,2,0.17069783445332373,0.8290459523773194,0.0002562131693570154
YARN-8670,0,0.6218279676182834,2,0.6218279676182834,0.0001469939732471256,0.3780250384084694
YARN-8643,0,0.9676307106959843,1,0.9676307106959843,0.032205435461643166,0.00016385384237264158
YARN-8651,2,0.8900570482715925,1,0.000277546489037064,0.10966540523937036,0.8900570482715925
YARN-8639,2,0.9064314625349458,1,0.0006238303181535899,0.09294470714690065,0.9064314625349458
YARN-8638,0,0.7633468759306322,2,0.7633468759306322,0.23653688554792165,0.00011623852144604828
YARN-8634,1,0.7949289380430314,2,0.20444723163881487,0.7949289380430314,0.0006238303181535447
YARN-8626,0,0.40216905122384117,3,0.40216905122384117,0.35518323384279643,0.24264771493336248
YARN-8621,0,0.6649106313954198,2,0.6649106313954198,0.0005871990604815564,0.33450216954409867
YARN-8618,1,0.5371025313175727,2,0.46242195750791465,0.5371025313175727,0.00047551117451270346
YARN-8599,1,0.5599223265224371,2,0.43955218740294344,0.5599223265224371,0.000525486074619221
YARN-8598,0,0.3669837506590843,3,0.3669837506590843,0.3326249965840052,0.30039125275691053
YARN-8597,1,0.7156944244651857,2,0.28411337872528125,0.7156944244651857,0.00019219680953303325
YARN-8572,1,0.8474187505182026,2,0.000499251123315153,0.8474187505182026,0.15208199835848216
YARN-8583,2,0.4996424135138774,3,0.2532723163929858,0.24708527009313683,0.4996424135138774
YARN-8571,0,0.7641524859441639,2,0.7641524859441639,0.23568885944691967,0.00015865460891647536
YARN-8559,2,0.9993110575266965,1,0.00034447123665178866,0.00034447123665178866,0.9993110575266965
YARN-8556,0,0.9984650805832692,1,0.9984650805832692,0.0007674597083653881,0.0007674597083653881
YARN-8551,1,0.6034398449023592,2,0.39628260860860387,0.6034398449023592,0.0002775464890369726
YARN-8533,0,0.9114956907234785,1,0.9114956907234785,0.0006238303181536215,0.08788047895836779
YARN-8532,0,0.5741248360779628,2,0.5741248360779628,0.0002498126405197199,0.42562535128151746
YARN-8499,0,0.9190578393068966,1,0.9190578393068966,0.08044290956978808,0.0004992511233153509
YARN-8495,2,0.9995003747189606,1,0.0002498126405196593,0.0002498126405196593,0.9995003747189606
YARN-8493,2,0.904689292065853,1,0.0001298195508244093,0.09518088838332249,0.904689292065853
YARN-8489,1,0.7692193513002034,2,0.2306053023908364,0.7692193513002034,0.00017534630896027655
YARN-8488,1,0.7400988226491577,2,0.2593139782903606,0.7400988226491577,0.0005871990604816177
YARN-8472,0,0.9386002534385227,1,0.9386002534385227,0.06112969525172825,0.00027005130974912044
YARN-8468,2,0.9998230558258869,1,8.847208705655748e-05,8.847208705655748e-05,0.9998230558258869
YARN-8451,1,0.8758510506615004,1,0.12394906926654271,0.8758510506615004,0.00019988007195688865
YARN-8461,0,0.380968172617823,3,0.380968172617823,0.2513999064482942,0.3676319209338828
YARN-8452,2,0.9985744832501781,1,0.0007127583749110105,0.0007127583749110105,0.9985744832501781
YARN-8446,0,0.5482958112840339,2,0.5482958112840339,0.0001723246596588247,0.4515318640563072
YARN-8412,0,0.6161013848456564,2,0.6161013848456564,0.06095704480300178,0.32294157035134186
YARN-8411,1,0.8920149930899719,1,0.10755079067034047,0.8920149930899719,0.0004342162396874674
YARN-8392,0,0.99923165578179,1,0.99923165578179,0.0003841721091049551,0.0003841721091049551
YARN-8304,2,0.9992009588493805,1,0.00039952057530974683,0.00039952057530974683,0.9992009588493805
YARN-8379,2,0.6127485151409374,2,0.00022711787417674,0.38702436698488585,0.6127485151409374
YARN-8364,2,0.790433678918963,2,0.000149186931224858,0.20941713414981214,0.790433678918963
YARN-8361,0,0.7614056804440084,2,0.7614056804440084,0.0002379252914585172,0.2383563942645332
YARN-8356,2,0.5948256071677142,3,0.24486493750827254,0.1603094553240132,0.5948256071677142
YARN-8352,1,0.9991677070328754,1,0.0004161464835622562,0.9991677070328754,0.0004161464835622562
YARN-8306,0,0.5525817921412914,2,0.5525817921412914,0.00033300033300038526,0.44708520752570813
YARN-8345,1,0.6609713945373721,2,9.431293030276996e-05,0.6609713945373721,0.33893429253232515
YARN-8333,2,0.6567571671978775,2,0.2047973344356571,0.13844549836646555,0.6567571671978775
YARN-8320,0,0.5556985266147358,2,0.5556985266147358,0.0002379252914585508,0.44406354809380566
YARN-8314,2,0.9992600813910468,1,0.00036995930447661097,0.00036995930447661097,0.9992600813910468
YARN-8303,1,0.9993554624556876,1,0.00032226877215611684,0.9993554624556876,0.00032226877215611684
YARN-8298,0,0.854890522838766,1,0.854890522838766,0.14465555069732067,0.0004539264639132772
YARN-8286,1,0.9993339993339991,1,0.0003330003330003788,0.9993339993339991,0.0003330003330003788
YARN-8283,0,0.4553672607580971,3,0.4553672607580971,0.3548030291920858,0.18982971004981714
YARN-8256,0,0.6468155558057966,2,0.6468155558057966,9.52108921260794e-05,0.35308923330207714
YARN-8250,1,0.5447117047665537,2,0.4550320820640894,0.5447117047665537,0.0002562131693569391
YARN-8240,0,0.993399339933993,1,0.993399339933993,0.0033003300330035827,0.0033003300330035827
YARN-8238,0,0.9991677070328753,1,0.9991677070328753,0.0004161464835622803,0.0004161464835622803
YARN-8192,1,0.5853822032280923,2,0.4142610361582793,0.5853822032280923,0.00035676061362830466
YARN-8186,1,0.9989490278507617,1,0.0005254860746190924,0.9989490278507617,0.0005254860746190924
YARN-8178,1,0.8798840608593075,1,0.1199597623485638,0.8798840608593075,0.0001561767921287347
YARN-8170,2,0.8444298781658526,2,0.00013508037282188194,0.15543504146132567,0.8444298781658526
YARN-8157,2,0.8676863880902076,1,0.1319913431376364,0.00032226877215602045,0.8676863880902076
YARN-8146,2,0.7258619171907192,2,0.15407040485915502,0.12006767795012577,0.7258619171907192
YARN-8137,1,0.6527119386549283,2,0.34676257527045246,0.6527119386549283,0.0005254860746191937
YARN-8134,2,0.9986693280106452,1,0.000665335994677393,0.000665335994677393,0.9986693280106452
YARN-8131,0,0.6200880455152314,2,0.6200880455152314,0.37908069928942345,0.0008312551953451575
YARN-8104,0,0.7039726536771285,2,0.7039726536771285,0.001245330012453479,0.29478201631041817
YARN-8103,0,0.5679890571945818,2,0.5679890571945818,0.0006653359946773731,0.43134560681074086
YARN-8100,0,0.5111914739251786,2,0.5111914739251786,0.0008312551953450359,0.48797727087947634
YARN-8092,1,0.6896811500716363,2,0.30973165086788185,0.6896811500716363,0.0005871990604815862
YARN-8081,0,0.9975093399750934,1,0.9975093399750934,0.0012453300124533292,0.0012453300124533292
YARN-8080,1,0.8138967832460564,2,0.18597980567162822,0.8138967832460564,0.00012341108231521682
YARN-7307,0,0.999131567520625,1,0.999131567520625,0.00043421623968739663,0.00043421623968739663
YARN-8065,1,0.7411458097821708,2,0.0005871990604817011,0.7411458097821708,0.25826699115734747
YARN-8052,0,0.6830660182123616,2,0.6830660182123616,0.3165178353040759,0.00041614648356243336
YARN-8042,2,0.5942036407993164,2,0.3452895189007587,0.06050684029992475,0.5942036407993164
YARN-8038,2,0.49782590519999836,3,0.34701951049991,0.1551545843000917,0.49782590519999836
YARN-8018,0,0.9989490278507616,1,0.9989490278507616,0.0005254860746191406,0.0005254860746191406
YARN-8015,0,0.9992009588493804,1,0.9992009588493804,0.00039952057530970883,0.00039952057530970883
YARN-8014,1,0.999092147072174,1,0.00045392646391293563,0.999092147072174,0.00045392646391293563
YARN-8013,0,0.7014220468142469,2,0.7014220468142469,0.00019596315892618282,0.29838199002682697
YARN-8007,0,0.9992600813910468,1,0.9992600813910468,0.00036995930447654,0.00036995930447654
YARN-7996,0,0.99923165578179,1,0.99923165578179,0.0003841721091049457,0.0003841721091049457
YARN-7976,2,0.9983374896093098,1,0.0008312551953450971,0.0008312551953450971,0.9983374896093098
YARN-7974,1,0.5756345676778221,2,0.00041614648356235525,0.5756345676778221,0.42394928583861546
YARN-7972,0,0.8451376222755335,2,0.8451376222755335,0.1544924184199898,0.000369959304476626
YARN-7939,0,0.9992009588493805,1,0.9992009588493805,0.00039952057530967484,0.00039952057530967484
YARN-7934,2,0.5147944481353607,2,0.000475511174512769,0.4847300406901266,0.5147944481353607
YARN-7931,0,0.998669328010645,1,0.998669328010645,0.0006653359946774965,0.0006653359946774965
YARN-7930,0,0.571130260038567,2,0.571130260038567,0.42847021938612323,0.00039952057530972103
YARN-7929,2,0.49274401492127956,2,0.46128939533239904,0.045966589746321423,0.49274401492127956
YARN-7904,1,0.559840608448316,2,0.4395355612335304,0.559840608448316,0.0006238303181536202
YARN-7923,0,0.5652901224306893,2,0.5652901224306893,0.1264660561455186,0.30824382142379203
YARN-7900,1,0.7673422714836964,2,0.2320338981981501,0.7673422714836964,0.0006238303181535901
YARN-7882,2,0.5808605003224924,2,0.3565004051809304,0.06263909449657727,0.5808605003224924
YARN-7876,2,0.9404558216934314,1,0.00043421623968757785,0.05910996206688095,0.9404558216934314
YARN-7871,0,0.5332837550595965,2,0.5332837550595965,0.40077284837189936,0.06594339656850431
YARN-7863,0,0.9985744832501782,1,0.9985744832501782,0.0007127583749109399,0.0007127583749109399
YARN-7858,0,0.5113648936294294,2,0.5113648936294294,0.14506494597614972,0.343570160394421
YARN-7856,0,0.5435571823549927,3,0.5435571823549927,0.2430482884196147,0.21339452922539257
YARN-7854,0,0.6652234158605861,2,0.6652234158605861,0.00019988007195689017,0.3345767040674571
YARN-7848,1,0.5259458059261282,2,0.47365467349856194,0.5259458059261282,0.0003995205753097929
YARN-7847,2,0.7450574764358333,2,0.00035676061362836656,0.2545857629505383,0.7450574764358333
YARN-7842,1,0.8211970792586998,2,0.17827743466668097,0.8211970792586998,0.0005254860746192276
YARN-7839,2,0.5315086798007975,3,0.15450936063630105,0.3139819595629014,0.5315086798007975
YARN-7831,0,0.9075902210011283,1,0.9075902210011283,0.0003995205753097085,0.092010258423562
YARN-7825,2,0.6151032640648673,2,0.0006653359946774177,0.3842313999404554,0.6151032640648673
YARN-7812,0,0.999131567520625,1,0.999131567520625,0.0004342162396874216,0.0004342162396874216
YARN-7806,1,0.6744888784134715,2,0.0002700513097489465,0.6744888784134715,0.32524107027677956
YARN-7606,1,0.6872561787352003,2,0.2379044376173568,0.6872561787352003,0.07483938364744284
YARN-7790,1,0.5225540047956316,2,0.00013152702880445726,0.5225540047956316,0.477314468175564
YARN-7778,2,0.5844201462879215,2,0.41538765690254553,0.0001921968095329858,0.5844201462879215
YARN-7774,1,0.4341159904740475,3,0.34958610359326375,0.4341159904740475,0.21629790593268894
YARN-7724,1,0.5493103146860183,2,0.4501024862535,0.5493103146860183,0.0005871990604816716
YARN-7713,2,0.9986693280106449,1,0.000665335994677592,0.000665335994677592,0.9986693280106449
YARN-7707,0,0.7042770524291577,2,0.7042770524291577,0.0006653359946774701,0.2950576115761648
YARN-7694,0,0.5979301962732632,2,0.5979301962732632,0.4017253324900849,0.0003444712366518219
YARN-7686,1,0.9996365618753407,1,0.00018171906232969243,0.9996365618753407,0.00018171906232969243
YARN-7672,2,0.8287857733675916,2,0.00025621316935696913,0.17095801346305128,0.8287857733675916
YARN-7670,0,0.9977851605758581,1,0.9977851605758581,0.0011074197120709698,0.0011074197120709698
YARN-7669,0,0.9981867633726199,1,0.9981867633726199,0.0009066183136900711,0.0009066183136900711
YARN-7666,2,0.817088510498253,2,0.18249534301818462,0.00041614648356231264,0.817088510498253
YARN-7662,2,0.731643435442159,2,0.26811863926638235,0.0002379252914585636,0.731643435442159
YARN-7660,1,0.9240257283810465,1,0.07559009950984849,0.9240257283810465,0.00038417210910498737
YARN-7657,0,0.9324995086201299,1,0.9324995086201299,0.0671009708045602,0.00039952057530983823
YARN-7655,1,0.555834099440023,2,0.00011232168931824898,0.555834099440023,0.4440535788706586
YARN-7653,0,0.5787963634512336,2,0.5787963634512336,0.000302755071147511,0.42090088147761895
YARN-7033,0,0.5472800174379806,2,0.5472800174379806,0.4522207314387042,0.0004992511233150764
YARN-7643,0,0.7635062255044586,2,0.7635062255044586,0.23593914332526966,0.0005546311702718435
YARN-7634,0,0.9578228783273038,1,0.9578228783273038,0.041844121339695756,0.0003330003330003769
YARN-7622,2,0.691009718592678,2,0.00045392646391292604,0.308536354943409,0.691009718592678
YARN-7621,0,0.6884411791488023,2,0.6884411791488023,0.00047551117451271127,0.31108330967668507
YARN-7612,0,0.9990489776509744,1,0.9990489776509744,0.00047551117451271983,0.00047551117451271983
YARN-7605,1,0.6627047823007226,2,0.24805429023758524,0.6627047823007226,0.08924092746169221
YARN-7599,1,0.5181419793694236,2,0.48140409416666324,0.5181419793694236,0.0004539264639130718
YARN-7583,1,0.6626284925968507,2,0.33701474678952087,0.6626284925968507,0.0003567606136283781
YARN-7540,1,0.6703044654178738,2,0.32954854060887895,0.6703044654178738,0.00014699397324714446
YARN-7530,0,0.9989490278507617,1,0.9989490278507617,0.0005254860746190541,0.0005254860746190541
YARN-7522,0,0.99923165578179,1,0.99923165578179,0.00038417210910496693,0.00038417210910496693
YARN-7520,0,0.4748155809061112,2,0.4748155809061112,0.11147829786518985,0.41370612122869893
YARN-7506,0,0.999824607559414,1,0.999824607559414,8.769622029292432e-05,8.769622029292432e-05
YARN-7495,2,0.9989490278507616,1,0.0005254860746192502,0.0005254860746192502,0.9989490278507616
YARN-7494,2,0.8430637721360471,2,0.15646071668944028,0.00047551117451269886,0.8430637721360471
YARN-7492,2,0.9971550497866282,1,0.0014224751066859408,0.0014224751066859408,0.9971550497866282
YARN-7481,0,0.7059536481025819,2,0.7059536481025819,0.00016121231662103298,0.2938851395807972
YARN-7473,2,0.45228623343758984,2,0.4109612481558764,0.13675251840653369,0.45228623343758984
YARN-7469,1,0.5280265072494472,2,0.00029385836027043537,0.5280265072494472,0.4716796343902824
YARN-7468,1,0.3846624783521611,3,0.37215413952272836,0.3846624783521611,0.24318338212511048
YARN-7457,2,0.6664601620966726,2,0.21645820842550662,0.11708162947782086,0.6664601620966726
YARN-7441,0,0.9985744832501781,1,0.9985744832501781,0.0007127583749109921,0.0007127583749109921
YARN-7438,0,0.9993110575266961,1,0.9993110575266961,0.0003444712366518536,0.0003444712366518536
YARN-7423,2,0.9805825242718433,1,0.009708737864078321,0.009708737864078321,0.9805825242718433
YARN-7419,0,0.7047377970422591,2,0.7047377970422591,0.06737355726917879,0.22788864568856212
YARN-7405,1,0.9991677070328752,1,0.00041614648356232733,0.9991677070328752,0.00041614648356232733
YARN-7399,0,0.5119922007403968,3,0.5119922007403968,0.30288553723419787,0.18512226202540544
YARN-7384,0,0.5000672246307816,2,0.5000672246307816,0.49868744535676435,0.0012453300124540627
YARN-7376,2,0.9990489776509743,1,0.0004755111745128184,0.0004755111745128184,0.9990489776509743
YARN-7368,1,0.5591547601340592,2,0.07137209361123348,0.5591547601340592,0.36947314625470734
YARN-7297,2,0.5960909671360874,3,0.18140596474268758,0.22250306812122483,0.5960909671360874
YARN-7292,0,0.4725179428919305,2,0.4725179428919305,0.09045851660813194,0.43702354049993763
YARN-7282,0,0.9987523393636928,1,0.9987523393636928,0.0006238303181535207,0.0006238303181535207
YARN-7273,2,0.8163282338625676,2,9.61261174661572e-05,0.18357564001996624,0.8163282338625676
YARN-7272,2,0.7642735061475507,2,0.0005546311702720717,0.23517186268217713,0.7642735061475507
YARN-7271,2,0.9992864787727433,1,0.00035676061362832173,0.00035676061362832173,0.9992864787727433
YARN-7265,2,0.7565380612126072,2,0.24327685642574176,0.00018508236165096407,0.7565380612126072
YARN-7250,2,0.9025539371145722,1,0.00016121231662103377,0.09728485056880681,0.9025539371145722
YARN-7224,0,0.9076722049220269,1,0.9076722049220269,0.09227854127311667,4.92538048564385e-05
YARN-7218,2,0.466025280253486,3,0.35183161055396933,0.18214310919254476,0.466025280253486
YARN-7217,2,0.5231541569521545,2,5.433896647288245e-05,0.4767915040813725,0.5231541569521545
YARN-7215,2,0.7040090464834196,2,0.29573474034722336,0.0002562131693570136,0.7040090464834196
YARN-7193,2,0.3758410257605587,3,0.29559383298353303,0.32856514125590824,0.3758410257605587
YARN-7192,1,0.6435027353199912,2,0.356021753505496,0.6435027353199912,0.0004755111745126983
YARN-1637,0,0.679417128358194,2,0.679417128358194,0.1988184412913258,0.1217644303504801
YARN-7159,2,0.9993339993339992,1,0.00033300033300039935,0.00033300033300039935,0.9993339993339992
YARN-7158,2,0.676400693963083,3,0.1716736673434188,0.15192563869349815,0.676400693963083
YARN-7142,0,0.9989490278507615,1,0.9989490278507615,0.0005254860746191692,0.0005254860746191692
YARN-7129,0,0.9989490278507617,1,0.9989490278507617,0.0005254860746190921,0.0005254860746190921
YARN-7127,0,0.9960238568588462,1,0.9960238568588462,0.0019880715705769456,0.0019880715705769456
YARN-7117,0,0.6968020096306139,2,0.6968020096306139,0.0002562131693570003,0.30294177720002907
YARN-7109,2,0.995037220843672,1,0.002481389578164068,0.002481389578164068,0.995037220843672
YARN-7107,2,0.751604717648128,2,0.24823662774295563,0.00015865460891644118,0.751604717648128
YARN-7097,1,0.9971550497866283,1,0.001422475106685892,0.9971550497866283,0.001422475106685892
YARN-7096,1,0.9971550497866283,1,0.001422475106685892,0.9971550497866283,0.001422475106685892
YARN-7095,1,0.9971550497866284,1,0.0014224751066858631,0.9971550497866284,0.0014224751066858631
YARN-7079,0,0.3928958336772388,3,0.3928958336772388,0.3260164841504682,0.2810876821722931
YARN-7069,0,0.9045179023728337,1,0.9045179023728337,0.09476933925225516,0.0007127583749111068
YARN-7061,1,0.6296403045488139,2,0.0005871990604816701,0.6296403045488139,0.3697724963907044
YARN-7059,1,0.7624207366698369,2,0.0006653359946777617,0.7624207366698369,0.23691392733548536
YARN-7055,0,0.997785160575858,1,0.997785160575858,0.0011074197120710268,0.0011074197120710268
YARN-7054,0,0.9901477832512311,1,0.9901477832512311,0.004926108374384572,0.004926108374384572
YARN-7053,0,0.9977851605758581,1,0.9977851605758581,0.0011074197120709735,0.0011074197120709735
YARN-7037,2,0.8905152294847744,1,0.10926269634245178,0.00022207417277382986,0.8905152294847744
YARN-1636,2,0.9971550497866276,1,0.0014224751066862368,0.0014224751066862368,0.9971550497866276
YARN-7031,0,0.5015385127475341,2,0.5015385127475341,0.4973540675403944,0.0011074197120714345
YARN-7019,1,0.7001086363438599,2,0.00020820320632946202,0.7001086363438599,0.2996831604498107
YARN-7018,0,0.6043944579397721,2,0.6043944579397721,0.06752807355233063,0.32807746850789726
YARN-7017,2,0.5076336570785446,2,0.00030275507114749825,0.4920635878503079,0.5076336570785446
YARN-7016,0,0.9971550497866282,1,0.9971550497866282,0.0014224751066859408,0.0014224751066859408
YARN-7010,1,0.9975093399750931,1,0.0012453300124535003,0.9975093399750931,0.0012453300124535003
YARN-7006,0,0.43877281716091127,3,0.43877281716091127,0.30366675784894304,0.25756042499014575
YARN-7005,2,0.854186023722847,1,0.0002938583602704761,0.1455201179168826,0.854186023722847
YARN-7004,2,0.9236376940072288,1,0.0761624259208143,0.00019988007195687467,0.9236376940072288
YARN-7003,1,0.8609756420381591,1,0.00021263023601965017,0.8609756420381591,0.1388117277258212
YARN-6963,1,0.8984637761756096,1,0.0002629503023929148,0.8984637761756096,0.10127327352199748
YARN-6960,2,0.5453963277892142,2,7.998080460692395e-05,0.4545236914061789,0.5453963277892142
YARN-1635,2,0.6457539489873876,2,0.3534785913042469,0.0007674597083654766,0.6457539489873876
YARN-6947,2,0.7919736374260604,2,0.00041614648356235053,0.20761021609037722,0.7919736374260604
YARN-6936,2,0.5667166771167171,2,0.0002775464890370119,0.43300577639424587,0.5667166771167171
YARN-6915,0,0.8775908674053522,1,0.8775908674053522,0.0009970089730808598,0.12141212362156685
YARN-6903,0,0.8981032946078714,1,0.8981032946078714,0.10161915890309153,0.00027754648903703796
YARN-6896,1,0.9990489776509743,1,0.00047551117451273805,0.9990489776509743,0.00047551117451273805
YARN-6889,2,0.9995003747189606,1,0.00024981264051967655,0.00024981264051967655,0.9995003747189606
YARN-6877,2,0.9990014977533698,1,0.0004992511233151464,0.0004992511233151464,0.9990014977533698
YARN-6876,2,0.9989490278507618,1,0.0005254860746191465,0.0005254860746191465,0.9989490278507618
YARN-6875,2,0.9992009588493806,1,0.00039952057530967116,0.00039952057530967116,0.9992009588493806
YARN-6858,0,0.7260203306413325,2,0.7260203306413325,0.27307305104497737,0.0009066183136900339
YARN-6857,0,0.9980059820538385,1,0.9980059820538385,0.0009970089730807932,0.0009970089730807932
YARN-6855,0,0.997785160575858,1,0.997785160575858,0.0011074197120710559,0.0011074197120710559
YARN-6848,0,0.6498572911722083,2,0.6498572911722083,0.3496434577044765,0.0004992511233151238
YARN-6842,2,0.6678826959549602,2,0.3316417928705271,0.0004755111745127205,0.6678826959549602
YARN-6839,2,0.7532088281485135,2,0.24631566067697366,0.000475511174512746,0.7532088281485135
YARN-6829,1,0.999092147072174,1,0.0004539264639129477,0.999092147072174,0.0004539264639129477
YARN-6828,1,0.6949617848327323,2,0.18274407432993464,0.6949617848327323,0.12229414083733303
YARN-1634,0,0.7874619602525718,2,0.7874619602525718,0.0009066183136900051,0.21163142143373823
YARN-6820,2,0.7675513404715032,2,0.23232965441127676,0.00011900511722007343,0.7675513404715032
YARN-6791,2,0.5977749551238477,2,0.3229565265250452,0.07926851835110708,0.5977749551238477
YARN-6789,0,0.7686640878914884,2,0.7686640878914884,0.23033890313543082,0.0009970089730807921
YARN-6777,0,0.688496615585722,2,0.688496615585722,0.31067212921893245,0.0008312551953456546
YARN-6774,1,0.999524149417083,1,0.00023792529145853002,0.999524149417083,0.00023792529145853002
YARN-6753,0,0.5217895849611328,2,0.5217895849611328,0.4778536544252387,0.00035676061362845146
YARN-1633,0,0.6149452887183973,2,0.6149452887183973,0.001107419712071116,0.3839472915695316
YARN-6734,2,0.4472674253571464,3,0.20292729793341951,0.34980527670943407,0.4472674253571464
YARN-6733,1,0.45298539073689614,3,0.1620528423922051,0.45298539073689614,0.3849617668708988
YARN-6724,1,0.8313784323246721,2,0.0003330003330004163,0.8313784323246721,0.16828856734232742
YARN-6573,2,0.5684065815222794,2,0.43106793240310143,0.0005254860746190909,0.5684065815222794
YARN-6704,1,0.6699912701005676,2,0.32970597482828506,0.6699912701005676,0.0003027550711474867
YARN-6691,1,0.3845771446126498,3,0.3540076196582003,0.3845771446126498,0.26141523572914993
YARN-6688,2,0.8548787154423615,1,0.14421466624394846,0.0009066183136900756,0.8548787154423615
YARN-6679,1,0.5734327691252775,2,0.0004755111745127615,0.5734327691252775,0.42609171970020976
YARN-6671,1,0.6963746550578188,2,0.3027940897468353,0.6963746550578188,0.000831255195345852
YARN-6670,2,0.584852593653403,2,0.00198807157057682,0.41315933477602007,0.584852593653403
YARN-6669,0,0.43983290455933516,3,0.43983290455933516,0.30163678858296045,0.2585303068577044
YARN-6636,2,0.6767070164157829,2,0.32294851234756544,0.00034447123665176915,0.6767070164157829
YARN-6634,2,0.9990921470721742,1,0.00045392646391292837,0.00045392646391292837,0.9990921470721742
YARN-6612,2,0.9971550497866285,1,0.001422475106685762,0.001422475106685762,0.9971550497866285
YARN-6626,0,0.43649742405569003,2,0.43649742405569003,0.4181560294383817,0.14534654650592818
YARN-6621,0,0.9365357626037474,1,0.9365357626037474,0.06322051329193866,0.00024372410431406087
YARN-6620,0,0.7790925795088043,2,0.7790925795088043,0.22032022143071403,0.0005871990604815741
YARN-6601,2,0.5521167328828581,2,0.447620316814749,0.00026295030239293856,0.5521167328828581
YARN-6599,0,0.9960238568588464,1,0.9960238568588464,0.001988071570576857,0.001988071570576857
YARN-6596,0,0.7618277712026704,2,0.7618277712026704,0.23750689280265216,0.0006653359946774682
YARN-6592,0,0.9990489776509743,1,0.9990489776509743,0.00047551117451274304,0.00047551117451274304
YARN-6586,2,0.7148207375557134,2,0.09769609014890152,0.18748317229538497,0.7148207375557134
YARN-6569,0,0.8241292797169535,2,0.8241292797169535,0.00018857250612869697,0.17568214777691793
YARN-6567,2,0.6604749491217846,2,0.3394316191301074,9.343174810804056e-05,0.6604749491217846
YARN-6527,0,0.5884249109926846,2,0.5884249109926846,0.10613112642514884,0.30544396258216655
YARN-6524,2,0.6287281170452809,2,0.0002629503023929118,0.37100893265232626,0.6287281170452809
YARN-6521,2,0.9991315675206252,1,0.00043421623968745165,0.00043421623968745165,0.9991315675206252
YARN-6511,1,0.7384086794440945,2,0.2613137740668685,0.7384086794440945,0.0002775464890370143
YARN-6507,0,0.8077769046997814,2,0.8077769046997814,0.19172384417690333,0.0004992511233152383
YARN-6484,0,0.9984650805832692,1,0.9984650805832692,0.0007674597083654101,0.0007674597083654101
YARN-6469,0,0.9985744832501777,1,0.9985744832501777,0.00071275837491115,0.00071275837491115
YARN-6466,0,0.9988907376594561,1,0.9988907376594561,0.0005546311702718763,0.0005546311702718763
YARN-6462,2,0.58333265,3,0.2629535425418092,0.153713807458191,0.58333265
YARN-6449,2,0.6393753645427968,2,0.36049481590637894,0.0001298195508244065,0.6393753645427968
YARN-6440,1,0.8899293352130446,1,0.1098382687841665,0.8899293352130446,0.00023239600278882248
YARN-6426,2,0.6256688235531217,2,0.0004342162396875196,0.3738969602071908,0.6256688235531217
YARN-6407,2,0.9311292100156809,1,0.0687069361419464,0.00016385384237265169,0.9311292100156809
YARN-6401,1,0.8176492591152511,2,0.18209452771539203,0.8176492591152511,0.00025621316935698404
YARN-6398,0,0.6367187343071286,2,0.6367187343071286,0.000712758374911197,0.3625685073179603
YARN-6396,2,0.9995125517913719,1,0.00024372410431399748,0.00024372410431399748,0.9995125517913719
YARN-6390,0,0.7067549879459869,2,0.7067549879459869,0.14204061502813548,0.15120439702587757
YARN-6345,0,0.5593274678720624,2,0.5593274678720624,0.44042271948741785,0.0002498126405197314
YARN-6369,2,0.6415791091150687,2,0.35783369182444974,0.0005871990604816941,0.6415791091150687
YARN-6366,0,0.7451999082376984,2,0.7451999082376984,0.00032226877215610946,0.25447782299014543
YARN-6364,2,0.9992864787727433,1,0.0003567606136283162,0.0003567606136283162,0.9992864787727433
YARN-6358,2,0.7666086522841279,2,0.00027754648903701855,0.23311380122683512,0.7666086522841279
YARN-6357,2,0.5428261165492723,2,0.00012190661952951888,0.45705197683119814,0.5428261165492723
YARN-6355,0,0.6951878587118238,2,0.6951878587118238,0.30457974528538734,0.0002323960027888471
YARN-6347,1,0.5367899595448706,2,0.4629324939660924,0.5367899595448706,0.000277546489037019
YARN-6320,2,0.44688702596489766,3,0.15353250758842893,0.3995804664466734,0.44688702596489766
YARN-6314,1,0.5885026397117268,2,0.0002039567611666806,0.5885026397117268,0.41129340352710647
YARN-6306,0,0.609834394008763,2,0.609834394008763,0.38905818627916583,0.0011074197120711329
YARN-6282,1,0.77907449676766,2,0.22047157676842688,0.77907449676766,0.00045392646391299326
YARN-6266,0,0.7621613349235573,2,0.7621613349235573,0.000499251123315112,0.2373394139531276
YARN-6255,0,0.9988256018790366,1,0.9988256018790366,0.0005871990604816316,0.0005871990604816316
YARN-6254,2,0.9988256018790367,1,0.0005871990604816742,0.0005871990604816742,0.9988256018790367
YARN-6234,1,0.99923165578179,1,0.00038417210910495376,0.99923165578179,0.00038417210910495376
YARN-6224,2,0.612314969991849,2,0.00028546959748791705,0.38739956041066315,0.612314969991849
YARN-6223,0,0.8170667883724884,2,0.8170667883724884,8.128098837684239e-05,0.18285193063913477
YARN-6207,1,0.42325689413634743,3,0.23976194868706135,0.42325689413634743,0.3369811571765913
YARN-6192,0,0.9980059820538384,1,0.9980059820538384,0.0009970089730808461,0.0009970089730808461
YARN-6179,2,0.7729290028563723,2,0.16855579506862184,0.05851520207500574,0.7729290028563723
YARN-6167,1,0.9992600813910467,1,0.00036995930447656717,0.9992600813910467,0.00036995930447656717
YARN-6162,0,0.513018001340118,2,0.513018001340118,0.0002700513097489195,0.48671194735013307
YARN-6161,0,0.99923165578179,1,0.99923165578179,0.000384172109104952,0.000384172109104952
YARN-6160,0,0.9990489776509746,1,0.9990489776509746,0.00047551117451267283,0.00047551117451267283
YARN-6137,2,0.8372161262524035,2,0.00035676061362836483,0.16242711313396813,0.8372161262524035
YARN-6127,1,0.701718964626464,2,0.29794803504053563,0.701718964626464,0.000333000333000386
YARN-1474,2,0.9977851605758578,1,0.0011074197120711678,0.0011074197120711678,0.9977851605758578
YARN-6121,1,0.7748294607614175,2,0.0006238303181535918,0.7748294607614175,0.22454670892042905
YARN-6101,2,0.9365796677891133,1,0.06332512131876061,9.521089212609231e-05,0.9365796677891133
YARN-6100,2,0.9966832504145933,1,0.0016583747927033914,0.0016583747927033914,0.9966832504145933
YARN-6099,2,0.995037220843672,1,0.0024813895781640653,0.0024813895781640653,0.995037220843672
YARN-6095,2,0.9988256018790369,1,0.0005871990604815432,0.0005871990604815432,0.9988256018790369
YARN-6080,0,0.8502526283566433,1,0.8502526283566433,0.0009066183136902211,0.1488407533296666
YARN-6069,2,0.9992864787727433,1,0.00035676061362830997,0.00035676061362830997,0.9992864787727433
YARN-6067,1,0.9985744832501777,1,0.0007127583749111654,0.9985744832501777,0.0007127583749111654
YARN-6058,2,0.7501229773026657,2,0.24959947620829728,0.0002775464890370102,0.7501229773026657
YARN-6045,2,0.6915320018127349,2,0.0003444712366518169,0.3081235269506132,0.6915320018127349
YARN-6043,0,0.8731226994494811,1,0.8731226994494811,0.09535436028323983,0.03152294026727915
YARN-6040,0,0.5479901650605344,3,0.5479901650605344,0.15308592564083345,0.2989239092986321
YARN-6037,1,0.9994449070219262,1,0.00027754648903696515,0.9994449070219262,0.00027754648903696515
YARN-6011,1,0.5399958231079152,2,0.0033003300330034144,0.5399958231079152,0.45670384685908155
YARN-6008,1,0.9735298121596112,1,0.00017847581652692053,0.9735298121596112,0.02629171202386196
YARN-6005,0,0.8596077368385898,1,0.8596077368385898,0.1393952541883294,0.0009970089730808426
YARN-5990,0,0.8189900242928956,2,0.8189900242928956,0.18059382922354197,0.00041614648356234256
YARN-5984,0,0.5942310866157304,2,0.5942310866157304,0.0004755111745127485,0.40529340220975696
YARN-5983,0,0.7195265658909316,2,0.7195265658909316,0.00014279594459523762,0.2803306381644733
YARN-5972,1,0.6699009158097705,2,0.32996025314760813,0.6699009158097705,0.0001388310426211597
YARN-5955,1,0.9971550497866273,1,0.0014224751066863753,0.9971550497866273,0.0014224751066863753
YARN-5953,0,0.9975093399750934,1,0.9975093399750934,0.0012453300124533376,0.0012453300124533376
YARN-5952,0,0.9977851605758582,1,0.9977851605758582,0.0011074197120709006,0.0011074197120709006
YARN-5949,0,0.7299211673121117,2,0.7299211673121117,0.0004992511233151443,0.2695795815645732
YARN-5940,1,0.5461940954372652,2,0.4533519780988218,0.5461940954372652,0.00045392646391301695
YARN-5932,0,0.5545776033284165,2,0.5545776033284165,0.3204803967751512,0.12494199989643222
YARN-5910,2,0.861068689200239,1,0.09054848346218639,0.04838282733757456,0.861068689200239
YARN-5906,2,0.6301535320601686,2,0.2679892717472035,0.10185719619262798,0.6301535320601686
YARN-5905,1,0.7666118626941095,2,0.23318418054472373,0.7666118626941095,0.00020395676116672715
YARN-5900,2,0.9995920864776666,1,0.00020395676116668343,0.00020395676116668343,0.9995920864776666
YARN-5889,2,0.9991677070328755,1,0.0004161464835622831,0.0004161464835622831,0.9991677070328755
YARN-5887,1,0.8878799187033883,1,0.00017534630896027997,0.8878799187033883,0.11194473498765145
YARN-5886,1,0.999512551791372,1,0.0002437241043140328,0.999512551791372,0.0002437241043140328
YARN-5883,2,0.750294967815466,2,0.249251105720621,0.000453926463912962,0.750294967815466
YARN-5881,2,0.7201245162700844,2,0.2795424833969151,0.00033300033300039556,0.7201245162700844
YARN-5872,1,0.7690323658846823,2,0.23041300294504577,0.7690323658846823,0.0005546311702719003
YARN-5869,2,0.9991315675206252,1,0.0004342162396874461,0.0004342162396874461,0.9991315675206252
YARN-5860,1,0.8890656311456313,1,0.00023239600278880803,0.8890656311456313,0.11070197285158
YARN-5846,2,0.6565948477159893,2,0.00013328002132485085,0.34327187226268585,0.6565948477159893
YARN-5832,1,0.7849375313251123,2,0.0004342162396874258,0.7849375313251123,0.21462825243520012
YARN-5820,2,0.9980059820538375,1,0.0009970089730812494,0.0009970089730812494,0.9980059820538375
YARN-2215,1,0.8333310714959722,2,0.16590146879566195,0.8333310714959722,0.0007674597083658597
YARN-5789,2,0.5080069723077765,2,0.4917432150517039,0.00024981264051967433,0.5080069723077765
YARN-5780,0,0.9990489776509746,1,0.9990489776509746,0.000475511174512655,0.000475511174512655
YARN-5769,1,0.5193774673642532,2,0.4800353335752652,0.5193774673642532,0.0005871990604815979
YARN-5761,0,0.9988256018790366,1,0.9988256018790366,0.0005871990604815997,0.0005871990604815997
YARN-5740,1,0.7319515921576469,2,0.00021263023601961797,0.7319515921576469,0.26783577760633354
YARN-5739,2,0.7607954102878024,2,0.23903800633721836,0.00016658337497924922,0.7607954102878024
YARN-5734,0,0.644388737728821,2,0.644388737728821,7.297672042621768e-05,0.3555382855507528
YARN-5732,1,0.7931874826445097,2,0.20650031004983938,0.7931874826445097,0.00031220730565103785
YARN-5727,2,0.6734496397886454,2,0.21760054273850693,0.10894981747284761,0.6734496397886454
YARN-5724,0,0.5606519325872144,2,0.5606519325872144,0.4391814840378065,0.00016658337497921984
YARN-5718,1,0.5083534270926511,2,0.00016658337497927922,0.5083534270926511,0.4914799895323696
YARN-5716,2,0.5338331915425436,2,0.46539934874909095,0.0007674597083655152,0.5338331915425436
YARN-5704,0,0.9990489776509746,1,0.9990489776509746,0.000475511174512653,0.000475511174512653
YARN-5702,0,0.9991677070328753,1,0.9991677070328753,0.00041614648356228304,0.00041614648356228304
YARN-5715,2,0.895568178973662,1,0.00010200958890138242,0.1043298114374366,0.895568178973662
YARN-5708,0,0.3743331450183884,3,0.3743331450183884,0.2672700633351079,0.3583967916465038
YARN-5699,1,0.6665409713431277,2,0.0002700513097489142,0.6665409713431277,0.33318897734712327
YARN-5692,0,0.5051261607450984,2,0.5051261607450984,0.4088519313765028,0.08602190787839904
YARN-5683,2,0.5519622470483202,2,0.32150650073404424,0.12653125221763561,0.5519622470483202
YARN-5681,2,0.5194802539768771,2,0.4800855297834353,0.0004342162396875271,0.5194802539768771
YARN-5677,1,0.7818004580861454,2,0.06183195720398231,0.7818004580861454,0.15636758470987241
YARN-5648,0,0.9960238568588463,1,0.9960238568588463,0.0019880715705768636,0.0019880715705768636
YARN-5673,0,0.7356359590532697,2,0.7356359590532697,0.10993084191195752,0.1544331990347727
YARN-5668,2,0.6854295587106652,2,0.13631336998416893,0.1782570713051658,0.6854295587106652
YARN-5667,0,0.9016575587711854,1,0.9016575587711854,0.00016658337497924274,0.09817585785383538
YARN-5658,0,0.3463042303734847,3,0.3463042303734847,0.31249470924724787,0.34120106037926745
YARN-5644,1,0.5764752531884597,2,0.0372172508061502,0.5764752531884597,0.3863074960053901
YARN-5638,2,0.5167138878785581,3,0.23749832899068485,0.245787783130757,0.5167138878785581
YARN-5637,0,0.7658940684324377,2,0.7658940684324377,0.23351873250708052,0.0005871990604817885
YARN-5606,0,0.9248880854234657,1,0.9248880854234657,0.00016658337497920517,0.07494533120155515
YARN-5636,1,0.9564798351896295,1,0.00018857250612867396,0.9564798351896295,0.04333159230424173
YARN-5634,2,0.6847907754993199,2,0.31473371332616734,0.00047551117451279605,0.6847907754993199
YARN-5629,1,0.3569099485048518,3,0.3006623721634933,0.3569099485048518,0.3424276793316549
YARN-5627,2,0.999131567520625,1,0.00043421623968749383,0.00043421623968749383,0.999131567520625
YARN-5626,2,0.5459560310291551,2,0.00031220730565105443,0.45373176166519386,0.5459560310291551
YARN-5605,1,0.8978836747096294,1,0.0006238303181538945,0.8978836747096294,0.10149249497221673
YARN-5619,2,0.6408785573996091,2,0.000178475816526953,0.35894296678386395,0.6408785573996091
YARN-5618,0,0.5204572687747525,3,0.5204572687747525,0.2376939238784803,0.24184880734676711
YARN-5612,1,0.6818405944883466,2,0.3174466471367425,0.6818405944883466,0.000712758374910988
YARN-5611,1,0.9980059820538383,1,0.000997008973080867,0.9980059820538383,0.000997008973080867
YARN-5593,1,0.5433850956713951,2,0.456344853018856,0.5433850956713951,0.00027005130974890686
YARN-5590,2,0.5955246878619391,2,0.40305283703137507,0.001422475106685891,0.5955246878619391
YARN-5587,0,0.9983374896093099,1,0.9983374896093099,0.0008312551953450396,0.0008312551953450396
YARN-5585,2,0.9996668332500416,1,0.00016658337497920235,0.00016658337497920235,0.9996668332500416
YARN-5556,1,0.8092173852782101,2,0.19030710354727723,0.8092173852782101,0.0004755111745126616
YARN-5547,1,0.615097466832764,2,0.0002938583602704789,0.615097466832764,0.3846086748069655
YARN-5541,1,0.7832856078148986,2,0.2161597610148294,0.7832856078148986,0.0005546311702719029
YARN-5532,1,0.7674110945688606,2,0.23217275894757716,0.7674110945688606,0.00041614648356230315
YARN-5531,1,0.7924086242108952,2,0.0003699593044766401,0.7924086242108952,0.20722141648462808
YARN-5520,2,0.6309130957930472,2,0.3015366282311931,0.06755027597575972,0.6309130957930472
YARN-5519,1,0.6094056192821145,2,0.3897631255225405,0.6094056192821145,0.0008312551953450963
YARN-5518,0,0.5836894002424843,2,0.5836894002424843,0.00022207417277375063,0.4160885255847421
YARN-5517,0,0.6060634068520722,2,0.6060634068520722,0.00017534630896021605,0.39376124683896774
YARN-5516,0,0.9977851605758582,1,0.9977851605758582,0.00110741971207094,0.00110741971207094
YARN-5505,0,0.8060968247776823,2,0.8060968247776823,0.1935809064501613,0.00032226877215633536
YARN-5457,0,0.8665148979133636,1,0.8665148979133636,0.0009970089730812891,0.13248809311355503
YARN-5501,1,0.7313746276115213,2,0.2684783784152314,0.7313746276115213,0.00014699397324712834
YARN-5479,2,0.7493858655724787,1,0.10929831414087626,0.14131582028664505,0.7493858655724787
YARN-5478,0,0.9988256018790366,1,0.9988256018790366,0.000587199060481597,0.000587199060481597
YARN-5473,2,0.9986693280106453,1,0.0006653359946773633,0.0006653359946773633,0.9986693280106453
YARN-5468,0,0.5866764725338608,2,0.5866764725338608,0.4130605771637464,0.0002629503023929167
YARN-5461,0,0.9966832504145933,1,0.9966832504145933,0.0016583747927033914,0.0016583747927033914
YARN-5452,2,0.6492982656653845,2,0.35003639833993816,0.0006653359946773561,0.6492982656653845
YARN-5426,0,0.6863618187490709,2,0.6863618187490709,0.1946649037304559,0.11897327752047325
YARN-5413,0,0.7020922999373875,2,0.7020922999373875,0.29764474976021965,0.00026295030239293043
YARN-5412,0,0.64475741796223,2,0.64475741796223,0.3549796317353772,0.000262950302392927
YARN-5411,0,0.6703277254424274,2,0.6703277254424274,0.3293947280685358,0.00027754648903700223
YARN-5410,0,0.5707701612125703,2,0.5707701612125703,0.42846237907906426,0.0007674597083654636
YARN-5408,0,0.9983374896093098,1,0.9983374896093098,0.0008312551953451017,0.0008312551953451017
YARN-5407,0,0.9243128750647823,1,0.9243128750647823,0.07516163886059847,0.0005254860746191064
YARN-5406,0,0.9114207077980885,1,0.9114207077980885,0.08799209314142978,0.0005871990604816034
YARN-5396,2,0.48482637733059375,3,0.32795074166236965,0.18722288100703663,0.48482637733059375
YARN-5392,0,0.7093301111145269,2,0.7093301111145269,0.0003841721091049787,0.29028571677636794
YARN-5391,1,0.996683250414592,1,0.0016583747927040298,0.996683250414592,0.0016583747927040298
YARN-5390,0,0.568625374555317,2,0.568625374555317,0.43087537432136774,0.0004992511233151574
YARN-5357,2,0.4993908467881388,2,0.09223345386315916,0.4083756993487021,0.4993908467881388
YARN-5387,0,0.7825138024865437,1,0.7825138024865437,0.10031634415421763,0.11716985335923874
YARN-5386,0,0.6700797896731506,2,0.6700797896731506,0.00047551117451269484,0.3294446991523368
YARN-5385,0,0.8552096512648419,1,0.8552096512648419,0.0005254860746190942,0.1442648626605389
YARN-5384,0,0.8474737694510726,2,0.8474737694510726,0.0004992511233150859,0.1520269794256123
YARN-5366,1,0.499255357300728,2,0.3901665068796286,0.499255357300728,0.11057813581964346
YARN-5355,0,0.998890737659456,1,0.998890737659456,0.0005546311702719106,0.0005546311702719106
YARN-5352,0,0.5264781558167718,2,0.5264781558167718,0.47317737294657614,0.0003444712366519189
YARN-5342,2,0.6846549187209716,2,0.00017847581652691435,0.31516660546250147,0.6846549187209716
YARN-5261,2,0.9990921470721741,1,0.00045392646391297987,0.00045392646391297987,0.9990921470721741
YARN-5330,0,0.9991677070328754,1,0.9991677070328754,0.00041614648356225404,0.00041614648356225404
YARN-5329,0,0.9992316557817901,1,0.9992316557817901,0.00038417210910491744,0.00038417210910491744
YARN-5328,0,0.9992600813910468,1,0.9992600813910468,0.0003699593044765446,0.0003699593044765446
YARN-5327,0,0.9991677070328754,1,0.9991677070328754,0.0004161464835622503,0.0004161464835622503
YARN-5326,0,0.77782567610726,2,0.77782567610726,0.22186211658708904,0.00031220730565104316
YARN-5325,1,0.9983374896093097,1,0.0008312551953451622,0.9983374896093097,0.0008312551953451622
YARN-5324,1,0.9983374896093097,1,0.0008312551953451861,0.9983374896093097,0.0008312551953451861
YARN-5321,2,0.9977851605758579,1,0.0011074197120711016,0.0011074197120711016,0.9977851605758579
YARN-5307,1,0.5746449331057744,2,0.42482958081960637,0.5746449331057744,0.0005254860746191322
YARN-5304,0,0.5041232453226344,2,0.5041232453226344,0.127388057380738,0.3684886972966276
YARN-5295,0,0.8532828677013476,1,0.8532828677013476,0.14650450206263285,0.00021263023601961482
YARN-5292,1,0.9986693280106453,1,0.0006653359946773576,0.9986693280106453,0.0006653359946773576
YARN-5290,1,0.9398776655326017,1,0.00019988007195685298,0.9398776655326017,0.059922454395441506
YARN-5281,0,0.7070361980307747,2,0.7070361980307747,0.00033300033300049585,0.2926308016362248
YARN-5280,0,0.8043562173386204,2,0.8043562173386204,0.195421708488606,0.0002220741727737452
YARN-5256,2,0.9216799115312038,1,0.07755262876043077,0.0007674597083654411,0.9216799115312038
YARN-5255,2,0.7021653406024446,2,0.2976075415233787,0.00022711787417674723,0.7021653406024446
YARN-5225,0,0.5575805107771159,2,0.5575805107771159,0.4421167341517367,0.0003027550711475079
YARN-5220,1,0.5313395539768598,3,0.29549462888757294,0.5313395539768598,0.17316581713556717
YARN-5218,0,0.9980059820538382,1,0.9980059820538382,0.0009970089730809303,0.0009970089730809303
YARN-5215,2,0.6552675652292497,2,0.0004755111745126562,0.3442569235962377,0.6552675652292497
YARN-5211,1,0.39385049176639964,3,0.31652699775903015,0.39385049176639964,0.2896225104745702
YARN-5207,0,0.5019490647213442,2,0.5019490647213442,0.0004539264639129968,0.49759700881474284
YARN-5202,2,0.5176272667204971,2,0.465435697225281,0.016937036054221876,0.5176272667204971
YARN-5177,0,0.42839560758166534,3,0.42839560758166534,0.2683067316485357,0.30329766076979897
YARN-5175,2,0.7067472869599449,2,0.0001784758165269401,0.29307423722352816,0.7067472869599449
YARN-5140,1,0.5330893398071701,2,0.01726029188218629,0.5330893398071701,0.4496503683106436
YARN-5139,0,0.6961185266653468,2,0.6961185266653468,0.3036732701283238,0.0002082032063294283
YARN-5137,0,0.9971550497866282,1,0.9971550497866282,0.0014224751066859284,0.0014224751066859284
YARN-5113,0,0.9977851605758579,1,0.9977851605758579,0.0011074197120711049,0.0011074197120711049
YARN-5086,1,0.5317451121405691,2,0.46785536728412125,0.5317451121405691,0.000399520575309676
YARN-5085,1,0.5317451121405691,2,0.46785536728412125,0.5317451121405691,0.000399520575309676
YARN-5081,1,0.6255048871326553,2,0.14496260649609896,0.6255048871326553,0.2295325063712457
YARN-5079,0,0.820153024701812,2,0.820153024701812,9.997000899733648e-05,0.1797470052891906
YARN-5078,1,0.5032685620933823,2,0.00023239600278885864,0.5032685620933823,0.49649904190382865
YARN-5076,0,0.5712574023742328,2,0.5712574023742328,0.0005546311702718789,0.42818796645549523
YARN-5046,0,0.6345238272447479,2,0.6345238272447479,0.0003330003330005333,0.36514317242225147
YARN-5025,2,0.6533273028233377,2,0.3463504284045062,0.00032226877215607916,0.6533273028233377
YARN-5015,0,0.5503149457300806,2,0.5503149457300806,0.449391195909649,0.0002938583602704212
YARN-5008,2,0.6777682055418335,2,0.00033300033300045606,0.32189879412516603,0.6777682055418335
YARN-4993,2,0.4446387275630499,3,0.37176109354027853,0.18360017889667155,0.4446387275630499
YARN-4985,0,0.9483501103520029,1,0.9483501103520029,0.051400077007477445,0.0002498126405197894
YARN-4958,2,0.5307885336239477,2,0.10888060745159636,0.360330858924456,0.5307885336239477
YARN-4966,2,0.6832503383843156,2,0.0005871990604816421,0.31616246255520275,0.6832503383843156
YARN-4963,2,0.9995352079944223,1,0.00023239600278881635,0.00023239600278881635,0.9995352079944223
YARN-4962,2,0.4772067361819931,2,0.13287569360259258,0.38991757021541423,0.4772067361819931
YARN-4952,0,0.6365274958708067,2,0.6365274958708067,0.3631949576401563,0.00027754648903696683
YARN-4950,0,0.7169594985363568,2,0.7169594985363568,0.28251501538902407,0.0005254860746191948
YARN-4948,0,0.6350235146858526,2,0.6350235146858526,0.364619724700519,0.00035676061362833
YARN-4945,0,0.8186303055633313,2,0.8186303055633313,0.18078249537618712,0.000587199060481549
YARN-4213,1,0.5055386467556615,2,0.0004992511233151008,0.5055386467556615,0.49396210212102354
YARN-4904,2,0.5840852299584617,2,0.41343338046337264,0.0024813895781655494,0.5840852299584617
YARN-4902,0,0.8340235052091889,2,0.8340235052091889,0.0002498126405197102,0.1657266821502915
YARN-4864,1,0.49668920596852945,3,0.26947477573396106,0.49668920596852945,0.2338360182975094
YARN-4889,1,0.5345162406824904,2,0.46502983285359667,0.5345162406824904,0.00045392646391297575
YARN-4888,1,0.5572934340005774,2,0.4423498053857941,0.5572934340005774,0.00035676061362833924
YARN-4887,1,0.6706286270429311,2,0.3289872008479638,0.6706286270429311,0.0003841721091050264
YARN-4879,1,0.44658721556514885,3,0.2428844676343778,0.44658721556514885,0.31052831680047327
YARN-4877,1,0.45611286074893426,2,0.13430109554755065,0.45611286074893426,0.40958604370351515
YARN-4876,1,0.9993110575266962,1,0.00034447123665182244,0.9993110575266962,0.00034447123665182244
YARN-4874,1,0.9950372208436723,1,0.002481389578163927,0.9950372208436723,0.002481389578163927
YARN-4873,1,0.9933993399339931,1,0.003300330033003549,0.9933993399339931,0.003300330033003549
YARN-4870,1,0.9966832504145936,1,0.0016583747927032147,0.9966832504145936,0.0016583747927032147
YARN-4835,2,0.7411898403249826,2,0.00021263023601959143,0.25859752943899783,0.7411898403249826
YARN-4830,0,0.6571295036861856,2,0.6571295036861856,0.34196387800012457,0.0009066183136899769
YARN-4822,1,0.7756688431361508,1,0.12948184356402798,0.7756688431361508,0.09484931329982112
YARN-4793,0,0.7744416957151317,2,0.7744416957151317,0.03387072331435973,0.1916875809705086
YARN-4781,1,0.5215697503888528,2,0.0002775464890369858,0.5215697503888528,0.47815270312211006
YARN-4777,0,0.49085522405460347,2,0.49085522405460347,0.3648242065137165,0.14432056943168003
YARN-4773,2,0.9994122832794589,1,0.0002938583602705111,0.0002938583602705111,0.9994122832794589
YARN-4766,2,0.5550515079448173,2,0.00021724961981327582,0.44473124243536943,0.5550515079448173
YARN-4758,1,0.3722437685228623,3,0.3666962256087651,0.3722437685228623,0.2610600058683727
YARN-4757,0,0.868983514093146,1,0.868983514093146,0.00011490290704358495,0.13090158299981025
YARN-4742,0,0.9984650805832692,1,0.9984650805832692,0.0007674597083653915,0.0007674597083653915
YARN-4752,1,0.9409313301852098,1,0.00031220730565123447,0.9409313301852098,0.058756462509139004
YARN-4737,2,0.5832411744116917,2,0.3478206615794004,0.06893816400890802,0.5832411744116917
YARN-4730,2,0.7367091048508881,2,0.044077844838044285,0.21921305031106758,0.7367091048508881
YARN-4726,0,0.5201882183018184,2,0.5201882183018184,0.4797019278038609,0.0001098538943205831
YARN-4725,1,0.586113793722174,2,0.28622870708507364,0.586113793722174,0.12765749919275243
YARN-4724,1,0.5629829196298481,2,0.1454956559145431,0.5629829196298481,0.2915214244556088
YARN-4719,2,0.5272615686920102,3,0.2665786918640517,0.20615973944393803,0.5272615686920102
YARN-4716,2,0.8044712758168898,2,0.00016385384237267047,0.19536487034073755,0.8044712758168898
YARN-4715,0,0.6660727348079022,2,0.6660727348079022,0.3335277446167881,0.00039952057530965793
YARN-4696,1,0.6329104959954721,2,0.36687687376850836,0.6329104959954721,0.0002126302360196611
YARN-4692,0,0.6713469330131966,3,0.6713469330131966,0.17257798575240754,0.15607508123439592
YARN-4683,0,0.9986693280106453,1,0.9986693280106453,0.0006653359946773644,0.0006653359946773644
YARN-4676,1,0.7671711700671607,2,0.23272885992384196,0.7671711700671607,9.997000899734073e-05
YARN-4665,1,0.580940306311358,2,0.056615706027693204,0.580940306311358,0.3624439876609487
YARN-4619,0,0.34803036305396756,3,0.34803036305396756,0.32247774666285856,0.3294918902831739
YARN-4611,2,0.7180327386489657,2,0.28149175017652167,0.0004755111745126959,0.7180327386489657
YARN-4479,1,0.51689040368393,2,0.00039952057530974466,0.51689040368393,0.48271007574076025
YARN-4602,1,0.5060722638714079,3,0.29939697545196914,0.5060722638714079,0.1945307606766229
YARN-4601,1,0.7199347919965357,2,0.2798214838991503,0.7199347919965357,0.00024372410431397273
YARN-4600,0,0.7601611708458759,2,0.7601611708458759,0.23912607077921297,0.0007127583749111365
YARN-4599,2,0.4924300390007599,3,0.3191366938337432,0.1884332671654969,0.4924300390007599
YARN-4597,1,0.8884355771135273,1,0.11106517176315757,0.8884355771135273,0.0004992511233151219
YARN-4595,0,0.6586233418059368,2,0.6586233418059368,0.0002854695974879318,0.3410911885965752
YARN-4591,2,0.6059329118573332,2,0.3936971288381901,0.00036995930447665705,0.6059329118573332
YARN-4561,2,0.7418424121228682,2,0.25787211827964374,0.0002854695974879741,0.7418424121228682
YARN-4578,0,0.4476014928628134,3,0.4476014928628134,0.18302675973133664,0.3693717474058498
YARN-4576,1,0.5157592210746931,2,0.06366634382959133,0.5157592210746931,0.4205744350957155
YARN-4559,0,0.9971550497866278,1,0.9971550497866278,0.001422475106686095,0.001422475106686095
YARN-4553,0,0.9995241494170831,1,0.9995241494170831,0.00023792529145850303,0.00023792529145850303
YARN-4523,0,0.7635987185214868,2,0.7635987185214868,0.23577745116035959,0.0006238303181535054
YARN-4537,2,0.640011481975464,2,0.28366698208333513,0.07632153594120089,0.640011481975464
YARN-4515,0,0.7551100893142714,2,0.7551100893142714,0.0005871990604815699,0.24430271162524714
YARN-4511,0,0.9971550497866287,1,0.9971550497866287,0.0014224751066856777,0.0014224751066856777
YARN-3776,1,0.584278646483346,2,0.41532183294134406,0.584278646483346,0.00039952057530972195
YARN-4496,1,0.8494373843339085,2,0.0002271178741767894,0.8494373843339085,0.15033549779191474
YARN-4473,1,0.5561282576703419,2,0.4434555958460959,0.5561282576703419,0.00041614648356226575
YARN-4471,0,0.9986693280106452,1,0.9986693280106452,0.0006653359946773728,0.0006653359946773728
YARN-4466,1,0.8171452090846153,2,0.0005871990604819146,0.8171452090846153,0.18226759185490274
YARN-4349,1,0.5813720811723475,2,0.2775124358556083,0.5813720811723475,0.1411154829720441
YARN-4447,2,0.9975093399750928,1,0.001245330012453597,0.001245330012453597,0.9975093399750928
YARN-4443,2,0.5849407901678497,2,0.41415259151845984,0.0009066183136904585,0.5849407901678497
YARN-4438,0,0.6497454453009889,2,0.6497454453009889,0.000767459708365478,0.3494870949906456
YARN-4435,1,0.5105225421825977,2,0.4889519717427832,0.5105225421825977,0.0005254860746190719
YARN-4433,2,0.7879518166027842,2,0.21184422663604904,0.00020395676116669533,0.7879518166027842
YARN-4425,2,0.6056481669652439,2,0.39411943703196733,0.0002323960027887978,0.6056481669652439
YARN-4420,1,0.9986693280106446,1,0.0006653359946777435,0.9986693280106446,0.0006653359946777435
YARN-4417,2,0.6421629791240702,2,0.0004992511233151725,0.3573377697526148,0.6421629791240702
YARN-4412,1,0.6716050571064612,2,0.0002775464890369707,0.6716050571064612,0.3281173964045017
YARN-4405,0,0.7145617972689726,2,0.7145617972689726,0.0004992511233151874,0.2849389516077121
YARN-4390,1,0.9251797039248915,1,0.0002938583602704101,0.9251797039248915,0.07452643771483802
YARN-4368,2,0.5836197496720366,2,0.41566749195305247,0.0007127583749110083,0.5836197496720366
YARN-4360,2,0.9114394040791081,1,0.08816107534558226,0.0003995205753097478,0.9114394040791081
YARN-4353,1,0.5416254819510706,2,0.346181158237882,0.5416254819510706,0.11219335981104739
YARN-4335,0,0.7753522710964924,2,0.7753522710964924,0.2240930977332357,0.0005546311702718457
YARN-4333,1,0.6129640257904629,2,0.00020395676116669213,0.6129640257904629,0.38683201744837037
YARN-4276,2,0.7065564419643428,2,0.18551531683574665,0.10792824119991054,0.7065564419643428
YARN-4275,2,0.9993110575266965,1,0.00034447123665178964,0.00034447123665178964,0.9993110575266965
YARN-4271,0,0.5544469285798463,2,0.5544469285798463,0.44515355084484376,0.00039952057530979763
YARN-4266,0,0.8106515248012841,2,0.8106515248012841,0.00015865460891643755,0.18918982058979947
YARN-4265,0,0.6422683205628972,2,0.6422683205628972,0.08320606202664158,0.27452561741046133
YARN-4248,0,0.5551431147599849,2,0.5551431147599849,0.4443313991653959,0.0005254860746191356
YARN-4245,1,0.5616582092119689,2,0.30007397606405695,0.5616582092119689,0.1382678147239742
YARN-4234,2,0.9971550497866283,1,0.0014224751066858996,0.0014224751066858996,0.9971550497866283
YARN-4233,2,0.7813266477328539,1,0.14417026673131533,0.07450308553583086,0.7813266477328539
YARN-4231,0,0.7413890471031511,2,0.7413890471031511,0.0003222687721560779,0.2582886841246928
YARN-4225,1,0.6291836037931262,2,0.0016583747927032908,0.6291836037931262,0.3691580214141706
YARN-4224,2,0.9971550497866286,1,0.0014224751066857044,0.0014224751066857044,0.9971550497866286
YARN-4221,2,0.8862590039347407,1,0.0005871990604819995,0.11315379700477735,0.8862590039347407
YARN-4219,2,0.7508693675611584,2,0.24873111186353197,0.0003995205753096826,0.7508693675611584
YARN-4205,1,0.7176074017672806,2,0.0005254860746192536,0.7176074017672806,0.2818671121581002
YARN-4199,2,0.6118590921992847,2,0.00024372410431412617,0.3878971836964012,0.6118590921992847
YARN-4197,0,0.6254880032424304,2,0.6254880032424304,0.37407778051788215,0.00043421623968745464
YARN-4195,0,0.9988907376594562,1,0.9988907376594562,0.000554631170271818,0.000554631170271818
YARN-4194,0,0.8901805214469716,1,0.8901805214469716,0.0007674597083656813,0.10905201884466267
YARN-4193,0,0.9250948962184812,1,0.9250948962184812,0.07447088754183119,0.00043421623968744705
YARN-4189,2,0.6905326532838442,2,8.926180487371409e-05,0.30937808491128205,0.6905326532838442
YARN-4186,2,0.5459705326733099,2,0.45344226826620865,0.0005871990604815841,0.5459705326733099
YARN-4181,1,0.6807360292345399,2,0.0001694053870913566,0.6807360292345399,0.3190945653783688
YARN-4176,1,0.8193586568530424,2,0.18038512997760067,0.8193586568530424,0.0002562131693569562
YARN-4166,2,0.5984649313348648,2,0.40042764895306443,0.001107419712070909,0.5984649313348648
YARN-4162,2,0.9990014977533699,1,0.0004992511233150819,0.0004992511233150819,0.9990014977533699
YARN-4161,2,0.8039935018608548,2,0.0002498126405196502,0.19575668549862546,0.8039935018608548
YARN-4132,1,0.9991677070328752,1,0.00041614648356237753,0.9991677070328752,0.00041614648356237753
YARN-4129,2,0.8445330173043323,2,0.0004992511233151798,0.15496773157235247,0.8445330173043323
YARN-4125,2,0.6961264379585637,2,0.0003122073056510062,0.3035613547357854,0.6961264379585637
YARN-4117,0,0.6269525871080407,2,0.6269525871080407,0.24125565995130369,0.13179175294065568
YARN-4108,1,0.48614943194825855,3,0.19572717622030456,0.48614943194825855,0.3181233918314369
YARN-4097,2,0.7410959244355153,2,0.21089675080172585,0.04800732476275887,0.7410959244355153
YARN-4094,2,0.764796628853606,2,0.23503678777141482,0.00016658337497922835,0.764796628853606
YARN-4093,0,0.5039623636947579,2,0.5039623636947579,0.49563811572993227,0.0003995205753097291
YARN-4091,2,0.5629374601735916,3,0.2207089351839928,0.2163536046424156,0.5629374601735916
YARN-4088,2,0.6725571073401938,2,0.0001638538423726604,0.3272790388174335,0.6725571073401938
YARN-4080,2,0.39406301393904025,3,0.2215458039679279,0.3843911820930318,0.39406301393904025
YARN-4077,1,0.7975900839347656,2,0.0003027550711474903,0.7975900839347656,0.20210716099408685
YARN-4075,2,0.9986693280106453,1,0.0006653359946773552,0.0006653359946773552,0.9986693280106453
YARN-4074,2,0.9991315675206252,1,0.0004342162396874167,0.0004342162396874167,0.9991315675206252
YARN-4070,2,0.7848175440795526,2,0.21459525685996572,0.0005871990604817511,0.7848175440795526
YARN-4062,2,0.6999215095875891,2,0.2993657320374997,0.0007127583749112001,0.6999215095875891
YARN-4061,2,0.9983374896093091,1,0.0008312551953454354,0.0008312551953454354,0.9983374896093091
YARN-4059,1,0.5533225190806371,2,0.00011900511722006887,0.5533225190806371,0.4465584758021427
YARN-4056,2,0.5060191541020902,2,0.0003027550711475138,0.4936780908267623,0.5060191541020902
YARN-4041,1,0.873177537071861,1,0.00035676061362846864,0.873177537071861,0.12646570231451051
YARN-4039,2,0.5882484285975831,2,5.916109566350849e-05,0.41169241030675346,0.5882484285975831
YARN-4024,1,0.918943962122671,1,0.0004161464835624298,0.918943962122671,0.08063989139376646
YARN-4023,2,0.9966832504145924,1,0.0016583747927038563,0.0016583747927038563,0.9966832504145924
YARN-4014,0,0.7764952078619554,2,0.7764952078619554,0.0011074197120709735,0.2223973724259736
YARN-4012,2,0.7633530487784741,2,0.0004755111745126882,0.2361714400470133,0.7633530487784741
YARN-4007,0,0.7992729032873501,2,0.7992729032873501,0.2002515855381371,0.00047551117451266546
YARN-3998,1,0.8027857237169779,2,0.00024981264051966294,0.8027857237169779,0.19696446364250253
YARN-3997,1,0.5246751238015795,3,0.1995301724467683,0.5246751238015795,0.27579470375165216
YARN-3983,2,0.420391779991309,3,0.35130081819167225,0.2283074018170187,0.420391779991309
YARN-3981,2,0.9474631915549895,1,0.0002854695974881183,0.052251338847522345,0.9474631915549895
YARN-3980,2,0.8555850757077986,1,0.00047551117451264497,0.14393941311768882,0.8555850757077986
YARN-3955,2,0.7710679028235894,2,0.22865455068737353,0.0002775464890369611,0.7710679028235894
YARN-3970,2,0.9984650805832693,1,0.0007674597083653537,0.0007674597083653537,0.9984650805832693
YARN-3969,1,0.9992864787727432,1,0.00035676061362832526,0.9992864787727432,0.00035676061362832526
YARN-3964,0,0.8983350271728668,1,0.8983350271728668,0.00025621316935697396,0.10140875965777624
YARN-3698,2,0.6912765541047302,2,0.0005254860746194099,0.30819795982065046,0.6912765541047302
YARN-3935,1,0.7071076355271572,2,0.0002854695974879664,0.7071076355271572,0.2926068948753548
YARN-3942,2,0.9048563140697253,1,0.09482141715811866,0.00032226877215609797,0.9048563140697253
YARN-3929,2,0.9591929705653269,1,0.0002775464890369759,0.04052948294563621,0.9591929705653269
YARN-3928,2,0.574811885397878,2,0.0005254860746191466,0.42466262852750286,0.574811885397878
YARN-3927,0,0.5662863054881587,2,0.5662863054881587,0.3630500026985319,0.0706636918133093
YARN-3926,0,0.7893188523957074,2,0.7893188523957074,0.04769931917681902,0.16298182842747366
YARN-3923,1,0.5966309803329543,2,0.020962594543596252,0.5966309803329543,0.38240642512344947
YARN-3922,1,0.7038520446046929,2,0.00011232168931823216,0.7038520446046929,0.296035633705989
YARN-3920,1,0.5160709124704805,2,0.00024372410431397024,0.5160709124704805,0.4836853634252054
YARN-3914,2,0.9993944898577048,1,0.00030275507114752183,0.00030275507114752183,0.9993944898577048
YARN-3904,2,0.9993944898577048,1,0.00030275507114751386,0.00030275507114751386,0.9993944898577048
YARN-3901,2,0.6402074324868734,2,0.118027342243921,0.24176522526920566,0.6402074324868734
YARN-3895,0,0.6134246393643775,2,0.6134246393643775,0.0009066183136901461,0.3856687423219323
YARN-3887,0,0.7527334819780855,2,0.7527334819780855,0.0005546311702718189,0.24671188685164264
YARN-3870,2,0.5921742939350767,2,0.044992499864722105,0.36283320620020115,0.5921742939350767
YARN-3867,0,0.6118224073009306,2,0.6118224073009306,0.3874101329907039,0.0007674597083654275
YARN-3866,0,0.4712556940439029,3,0.4712556940439029,0.3074817129617585,0.2212625929943386
YARN-3864,2,0.9988907376594564,1,0.0005546311702718142,0.0005546311702718142,0.9988907376594564
YARN-3863,2,0.5390847250731405,3,0.2927479014811552,0.16816737344570418,0.5390847250731405
YARN-3851,0,0.882321543486114,1,0.882321543486114,0.00023792529145853794,0.11744053122242738
YARN-3822,1,0.6760256865134594,2,0.3230676951728503,0.6760256865134594,0.0009066183136903555
YARN-3818,2,0.928832993411296,1,0.0006238303181536236,0.07054317627055033,0.928832993411296
YARN-3817,2,0.9424501354097894,1,0.00023239600278879827,0.057317468587421705,0.9424501354097894
YARN-3816,2,0.8185319009550085,2,0.00017847581652689106,0.1812896232284646,0.8185319009550085
YARN-3815,2,0.6915211315615585,2,0.1378806121938407,0.17059825624460082,0.6915211315615585
YARN-3808,2,0.9996430483669462,1,0.00017847581652689017,0.00017847581652689017,0.9996430483669462
YARN-3807,2,0.8668517029462601,1,0.00012190661952947551,0.13302639043421036,0.8668517029462601
YARN-3806,2,0.6596836855014307,2,0.3402245966227553,9.171787581401401e-05,0.6596836855014307
YARN-3773,0,0.9996611892258174,1,0.9996611892258174,0.00016940538709135322,0.00016940538709135322
YARN-3772,2,0.6512157203405192,2,0.0003122073056510147,0.3484720723538299,0.6512157203405192
YARN-3739,1,0.9986693280106453,1,0.0006653359946773521,0.9986693280106453,0.0006653359946773521
YARN-3736,1,0.8961853928706351,1,0.10325997595909278,0.8961853928706351,0.0005546311702720893
YARN-3719,0,0.6418754970318847,2,0.6418754970318847,0.00035676061362836445,0.3577677423544869
YARN-3718,0,0.9996298352766981,1,0.9996298352766981,0.00018508236165095865,0.00018508236165095865
YARN-3692,2,0.4025257747042662,3,0.36478505467240824,0.23268917062332545,0.4025257747042662
YARN-3691,2,0.5644225933344613,2,0.0004161464835623372,0.4351612601819762,0.5644225933344613
YARN-3684,0,0.44518554691179013,3,0.44518554691179013,0.3473046509995184,0.20750980208869144
YARN-3680,1,0.5371960154142448,2,0.0141761044421399,0.5371960154142448,0.4486278801436154
YARN-3623,2,0.5363459138729725,2,0.4633840348172786,0.00027005130974890436,0.5363459138729725
YARN-3673,1,0.5646815608651939,2,0.4344871839394609,0.5646815608651939,0.0008312551953450569
YARN-3672,1,0.542867630460174,2,0.4565085392216724,0.542867630460174,0.0006238303181535558
YARN-3671,1,0.5242486573101734,2,0.4749200874944815,0.5242486573101734,0.0008312551953451108
YARN-3666,1,0.612377281764557,2,0.3873526669256941,0.612377281764557,0.0002700513097489498
YARN-3665,1,0.5644689510966879,2,0.43494384984283024,0.5644689510966879,0.0005871990604817711
YARN-3664,1,0.7172918172228857,2,0.2820428467824369,0.7172918172228857,0.0006653359946774494
YARN-3663,1,0.5343144057900918,2,0.4648543390145631,0.5343144057900918,0.0008312551953450132
YARN-3662,1,0.5040725863992798,2,0.4955574542962436,0.5040725863992798,0.00036995930447660495
YARN-3661,2,0.595249368207904,2,0.0004992511233151202,0.4042513806687808,0.595249368207904
YARN-3660,1,0.5994450200706178,2,0.4002219795963816,0.5994450200706178,0.0003330003330004845
YARN-3659,1,0.9988256018790367,1,0.0005871990604815897,0.9988256018790367,0.0005871990604815897
YARN-3656,0,0.6002359723203653,2,0.6002359723203653,0.07274238065218905,0.3270216470274457
YARN-3637,2,0.8065081271420511,2,0.00015144631228233748,0.19334042654566652,0.8065081271420511
YARN-3636,2,0.8632350769866058,1,8.769622029292841e-05,0.1366772267931013,0.8632350769866058
YARN-3632,2,0.5507202213324682,2,0.00041614648356228467,0.44886363218396946,0.5507202213324682
YARN-3622,0,0.998005982053838,1,0.998005982053838,0.0009970089730810473,0.0009970089730810473
YARN-3616,1,0.5665633029589877,3,0.17491020928320913,0.5665633029589877,0.2585264877578032
YARN-3611,0,0.6171627996573117,3,0.6171627996573117,0.22231688176025696,0.16052031858243127
YARN-3595,2,0.672448264995945,2,0.2546060505419244,0.07294568446213057,0.672448264995945
YARN-3588,2,0.8747655557157585,1,0.12483492370893158,0.00039952057530979844,0.8747655557157585
YARN-3557,0,0.7335863988321114,2,0.7335863988321114,0.0002562131693569591,0.2661573879985316
YARN-3542,0,0.784120595491122,2,0.784120595491122,0.00045392646391292354,0.21542547804496506
YARN-3534,2,0.9989490278507619,1,0.0005254860746190671,0.0005254860746190671,0.9989490278507619
YARN-3510,2,0.5206796889269267,2,0.0002938583602704402,0.4790264527128028,0.5206796889269267
YARN-3508,2,0.8011056359813197,2,0.00033300033300048354,0.19856136368567986,0.8011056359813197
YARN-3500,2,0.9992600813910468,1,0.00036995930447657216,0.00036995930447657216,0.9992600813910468
YARN-3499,2,0.9991315675206252,1,0.0004342162396874443,0.0004342162396874443,0.9991315675206252
YARN-3490,0,0.7122618869301968,2,0.7122618869301968,0.000203956761166709,0.2875341563086365
YARN-3488,2,0.9997060120535057,1,0.00014699397324713842,0.00014699397324713842,0.9997060120535057
YARN-3482,2,0.5522105181615942,2,0.00036995930447658695,0.44741952253392925,0.5522105181615942
YARN-3481,1,0.6636776423254287,2,0.00035676061362830157,0.6636776423254287,0.335965597060943
YARN-3474,1,0.7992863922132393,2,0.00011900511722009651,0.7992863922132393,0.2005946026695405
YARN-3448,2,0.7606712956670386,2,0.16650676999834393,0.07282193433461756,0.7606712956670386
YARN-3445,1,0.7617076982994709,2,0.00032226877215603677,0.7617076982994709,0.23797003292837304
YARN-3443,0,0.6969419349037586,2,0.6969419349037586,0.12136260006304064,0.18169546503320086
YARN-3440,2,0.6493498400757021,2,0.0004161464835623771,0.3502340134407356,0.6493498400757021
YARN-3418,1,0.56718554196783,2,0.00020395676116672932,0.56718554196783,0.43261050127100326
YARN-3417,1,0.8188868944181238,2,0.18088598770769948,0.8188868944181238,0.0002271178741767776
YARN-3411,0,0.7315741250967943,2,0.7315741250967943,0.0002498126405197221,0.2681760622626859
YARN-3402,0,0.5009906456062146,2,0.5009906456062146,0.0003995205753098105,0.49860983381847557
YARN-3401,0,0.7368737461707539,2,0.7368737461707539,0.0002700513097489177,0.2628562025194973
YARN-3391,2,0.9017197985877017,1,0.0980675711762787,0.00021263023601960753,0.9017197985877017
YARN-3378,2,0.7326703968956091,2,0.2669454309952859,0.0003841721091050095,0.7326703968956091
YARN-3374,2,0.41516253640863776,3,0.3233417732622257,0.26149569032913644,0.41516253640863776
YARN-3373,2,0.6380010324246115,2,0.36166596724238814,0.00033300033300047877,0.6380010324246115
YARN-3372,0,0.3673934631805348,3,0.3673934631805348,0.35910018917864533,0.27350634764081994
YARN-3368,0,0.5507852833119071,2,0.5507852833119071,0.0003122073056510667,0.4489025093824417
YARN-3366,0,0.9991315675206249,1,0.9991315675206249,0.00043421623968744553,0.00043421623968744553
YARN-3365,0,0.9993110575266964,1,0.9993110575266964,0.00034447123665178373,0.00034447123665178373
YARN-3361,0,0.6902124474459708,2,0.6902124474459708,0.3096024701923783,0.0001850823616509599
YARN-3354,1,0.7431483170333342,2,0.2566699639043361,0.7431483170333342,0.00018171906232966815
YARN-3345,0,0.9987523393636927,1,0.9987523393636927,0.0006238303181535594,0.0006238303181535594
YARN-3332,2,0.6251069090802178,2,0.29385566997759577,0.08103742094218636,0.6251069090802178
YARN-3319,2,0.8703118202993284,1,0.00019596315892619597,0.1294922165417454,0.8703118202993284
YARN-3318,0,0.9975093399750931,1,0.9975093399750931,0.0012453300124534994,0.0012453300124534994
YARN-3317,0,0.624813337095178,2,0.624813337095178,0.00041614648356242464,0.37477051642125964
YARN-3307,2,0.634304503051845,2,0.0004992511233152134,0.3651962458248397,0.634304503051845
YARN-3306,0,0.48684455012036354,2,0.48684455012036354,0.044263856261757765,0.4688915936178787
YARN-3299,2,0.7499701842252091,2,0.00026295030239291867,0.2497668654723979,0.7499701842252091
YARN-3250,0,0.8335323897570606,2,0.8335323897570606,0.0004992511233150705,0.1659683591196243
YARN-3245,1,0.9994290608050242,1,0.0002854695974879118,0.9994290608050242,0.0002854695974879118
YARN-3212,1,0.9994740993952144,1,0.00026295030239289536,0.9994740993952144,0.00026295030239289536
YARN-3242,1,0.9997060120535056,1,0.00014699397324713858,0.9997060120535056,0.00014699397324713858
YARN-3235,0,0.9933993399339934,1,0.9933993399339934,0.0033003300330033784,0.0033003300330033784
YARN-3233,2,0.6220797552426219,2,0.377013626443688,0.0009066183136900249,0.6220797552426219
YARN-3228,2,0.7957646518383102,2,0.0004161464835624971,0.20381920167812723,0.7957646518383102
YARN-3214,2,0.4723609549534814,3,0.34143749411391755,0.18620155093260105,0.4723609549534814
YARN-3208,1,0.7638823781200087,2,0.0007127583749111498,0.7638823781200087,0.23540486350508022
YARN-3194,1,0.9746679237719924,1,0.00010985389432059191,0.9746679237719924,0.02522222233368691
YARN-3172,0,0.5896613281474626,2,0.5896613281474626,0.0003444712366518268,0.40999420061588554
YARN-3167,2,0.9402559453702574,1,0.00033300033300045486,0.059411054296742184,0.9402559453702574
YARN-3166,0,0.5434602883814047,2,0.5434602883814047,0.00016940538709137872,0.4563703062315039
YARN-3148,2,0.7044782925464639,2,0.2952362378560482,0.00028546959748793673,0.7044782925464639
YARN-3139,2,0.9990489776509746,1,0.0004755111745127384,0.0004755111745127384,0.9990489776509746
YARN-3135,0,0.45381377716060584,3,0.45381377716060584,0.22188833652836526,0.3242978863110289
YARN-3127,1,0.5979201548465826,2,0.0003841721091049511,0.5979201548465826,0.4016956730443125
YARN-3125,0,0.8146469392533192,2,0.8146469392533192,0.18476586168619902,0.0005871990604817062
YARN-3119,2,0.7287237328519883,2,0.04884877907859781,0.22242748806941384,0.7287237328519883
YARN-3118,2,0.6658558024543044,2,0.33378743693206725,0.00035676061362836033,0.6658558024543044
YARN-3115,1,0.5902126108914898,2,0.0002938583602704578,0.5902126108914898,0.4094935307482398
YARN-3104,1,0.8461112429414284,2,0.0001537751806858946,0.8461112429414284,0.1537349818778857
YARN-3100,0,0.999524149417083,1,0.999524149417083,0.00023792529145855306,0.00023792529145855306
YARN-3098,2,0.6752984426421691,2,0.3243447967442026,0.000356760613628319,0.6752984426421691
YARN-3093,2,0.6343980863025874,2,0.3653846640775993,0.00021724961981322126,0.6343980863025874
YARN-3092,2,0.4894383346863084,2,0.4665657260691023,0.04399593924458932,0.4894383346863084
YARN-3091,2,0.7789440131427935,2,0.22079977368784956,0.00025621316935695997,0.7789440131427935
YARN-3076,0,0.7052943963282986,2,0.7052943963282986,0.0019880715705772097,0.2927175321011242
YARN-3068,0,0.38556989190534474,3,0.38556989190534474,0.37499836291934924,0.23943174517530608
YARN-3054,1,0.7869640762753993,2,0.00020395676116669338,0.7869640762753993,0.21283196696343407
YARN-3053,0,0.9992009588493804,1,0.9992009588493804,0.000399520575309717,0.000399520575309717
YARN-3052,2,0.7537414488655766,2,0.24584240465086102,0.0004161464835623036,0.7537414488655766
YARN-3051,0,0.9990014977533694,1,0.9990014977533694,0.0004992511233151821,0.0004992511233151821
YARN-3050,2,0.9985744832501782,1,0.0007127583749109577,0.0007127583749109577,0.9985744832501782
YARN-3049,2,0.6984319360258255,2,0.30098086491369286,0.0005871990604816168,0.6984319360258255
YARN-3048,2,0.6773177468985321,2,0.0003699593044766529,0.3223122937969912,0.6773177468985321
YARN-3047,2,0.9990921470721742,1,0.00045392646391291856,0.00045392646391291856,0.9990921470721742
YARN-3045,1,0.5397468619349003,2,0.0005871990604815564,0.5397468619349003,0.4596659390046181
YARN-3044,2,0.9984650805832693,1,0.0007674597083653739,0.0007674597083653739,0.9984650805832693
YARN-3043,0,0.998574483250178,1,0.998574483250178,0.0007127583749110458,0.0007127583749110458
YARN-3042,2,0.6129547186494558,2,0.3866753220460677,0.00036995930447659834,0.6129547186494558
YARN-3041,2,0.6756423630270478,2,0.3238583858496371,0.00049925112331507,0.6756423630270478
YARN-3040,2,0.594799962861616,2,0.4048555659017323,0.0003444712366517949,0.594799962861616
YARN-3039,2,0.9991315675206249,1,0.00043421623968752636,0.00043421623968752636,0.9991315675206249
YARN-3038,2,0.5697662623094073,2,0.0002700513097489493,0.42996368638084387,0.5697662623094073
YARN-3037,0,0.7396494192858765,2,0.7396494192858765,0.0004342162396874629,0.25991636447443606
YARN-3036,0,0.999092147072174,1,0.999092147072174,0.0004539264639129332,0.0004539264639129332
YARN-3034,2,0.9987523393636929,1,0.0006238303181535461,0.0006238303181535461,0.9987523393636929
YARN-3033,2,0.4856787376994892,3,0.2984853633930217,0.2158358989074891,0.4856787376994892
YARN-3032,2,0.7973779643250722,2,0.20220588919136542,0.00041614648356236,0.7973779643250722
YARN-3031,0,0.6970578008762256,2,0.6970578008762256,0.0003444712366518294,0.3025977278871226
YARN-3030,2,0.9992600813910468,1,0.00036995930447657606,0.00036995930447657606,0.9992600813910468
YARN-3026,0,0.46916900320317806,2,0.46916900320317806,0.12131478328410271,0.40951621351271916
YARN-3025,1,0.5894433564043959,2,0.0007674597083654901,0.5894433564043959,0.4097891838872386
YARN-3003,0,0.48871492437374703,3,0.48871492437374703,0.31250263762936187,0.19878243799689096
YARN-2995,2,0.5486716857366566,2,0.00031220730565102446,0.4510161069576925,0.5486716857366566
YARN-2986,0,0.6142816325261792,2,0.6142816325261792,0.0007127583749111169,0.38500560909890974
YARN-2980,0,0.8335286820018627,2,0.8335286820018627,0.0002379252914585595,0.16623339270667883
YARN-2969,2,0.4605575624021999,3,0.29552737187241707,0.24391506572538302,0.4605575624021999
YARN-2967,1,0.4656901670571306,3,0.2506949507263068,0.4656901670571306,0.2836148822165625
YARN-2966,2,0.9988907376594562,1,0.0005546311702718709,0.0005546311702718709,0.9988907376594562
YARN-2965,2,0.5045338450075126,2,0.0006238303181535452,0.4948423246743337,0.5045338450075126
YARN-2885,1,0.628406617476164,2,0.3712711137516798,0.628406617476164,0.0003222687721560504
YARN-2948,0,0.5784159093930393,3,0.5784159093930393,0.21595834699465022,0.2056257436123106
YARN-2947,0,0.5129903939204091,3,0.5129903939204091,0.28912562168728473,0.19788398439230606
YARN-2942,2,0.8048407659632024,1,0.09751481176192944,0.09764442227486822,0.8048407659632024
YARN-2928,0,0.6080849368569784,2,0.6080849368569784,0.0003995205753097753,0.3915155425677119
YARN-2926,0,0.9981867633726199,1,0.9981867633726199,0.0009066183136900464,0.0009066183136900464
YARN-2923,0,0.7840026863406309,2,0.7840026863406309,0.21566431332636865,0.0003330003330003612
YARN-2916,0,0.9264667160382046,1,0.9264667160382046,0.07311713747823295,0.000416146483562341
YARN-2915,2,0.7701937805291263,2,0.22947321913787322,0.0003330003330003887,0.7701937805291263
YARN-2884,1,0.6677710615848329,2,0.3319434688176791,0.6677710615848329,0.00028546959748797284
YARN-2903,2,0.9338753870399796,1,0.00047551117451318935,0.06564910178550716,0.9338753870399796
YARN-2895,2,0.40884183467804086,3,0.38215110781990774,0.20900705750205142,0.40884183467804086
YARN-2888,1,0.7234884360178943,2,0.2762088089109582,0.7234884360178943,0.0003027550711475253
YARN-2887,1,0.7376310591623947,2,0.20203275569782742,0.7376310591623947,0.06033618513977787
YARN-2883,1,0.9994122832794593,1,0.00029385836027040095,0.9994122832794593,0.00029385836027040095
YARN-2882,1,0.8193770403680708,2,0.1803006908597732,0.8193770403680708,0.0003222687721560526
YARN-2879,2,0.5800783501362275,2,0.4197982387814573,0.00012341108231523522,0.5800783501362275
YARN-2877,2,0.7001166856768674,2,0.29962710115377567,0.0002562131693569634,0.7001166856768674
YARN-2851,2,0.996683250414593,1,0.0016583747927035302,0.0016583747927035302,0.996683250414593
YARN-2837,1,0.5269725725274608,2,0.07687277758373239,0.5269725725274608,0.3961546498888068
YARN-2848,2,0.7811799654822876,2,0.21873310067436713,8.693384334524684e-05,0.7811799654822876
YARN-2840,2,0.8991035053513703,1,0.1003972435253147,0.0004992511233151267,0.8991035053513703
YARN-2835,0,0.5072180541081933,3,0.5072180541081933,0.27167966242909053,0.22110228346271626
YARN-2831,1,0.999333999333999,1,0.00033300033300041437,0.999333999333999,0.00033300033300041437
YARN-2829,1,0.6848989796626799,2,0.000384172109105119,0.6848989796626799,0.314716848228215
YARN-2818,2,0.9035049292283377,1,0.00019219680953303485,0.09630287396212926,0.9035049292283377
YARN-2817,2,0.8760850134613793,1,0.12353081442951558,0.0003841721091050037,0.8760850134613793
YARN-2814,1,0.7932140263930746,2,0.20601851389855994,0.7932140263930746,0.0007674597083654703
YARN-2800,0,0.516603676293571,2,0.516603676293571,0.33888576630176115,0.14451055740466795
YARN-2793,1,0.5227113605490261,2,0.00024372410431397574,0.5227113605490261,0.4770449153466598
YARN-2791,1,0.4934902972473139,2,0.06015492165152104,0.4934902972473139,0.44635478110116505
YARN-2478,0,0.6617522444620342,2,0.6617522444620342,0.33769312436769394,0.0005546311702718678
YARN-2786,0,0.4617768595302243,3,0.4617768595302243,0.1711072047760362,0.36711593569373957
YARN-2781,2,0.8397917859920286,2,0.15990545893682395,0.0003027550711475002,0.8397917859920286
YARN-2770,1,0.5806608733496667,2,0.0653635468534811,0.5806608733496667,0.3539755797968523
YARN-2765,2,0.8002458132244371,2,0.00047551117451274016,0.19927867560105028,0.8002458132244371
YARN-2745,2,0.7563466215675245,2,0.24328341912799886,0.00036995930447665683,0.7563466215675245
YARN-2744,0,0.44848546340396717,3,0.44848546340396717,0.22917556824058768,0.3223389683554452
YARN-2728,0,0.9994449070219262,1,0.9994449070219262,0.0002775464890369514,0.0002775464890369514
YARN-2695,1,0.46934417090543473,3,0.28403387953460885,0.46934417090543473,0.2466219495599564
YARN-2693,0,0.580801391314407,2,0.580801391314407,0.00023792529145851525,0.41896068339413445
YARN-2691,0,0.5428491742053588,2,0.5428491742053588,0.00090661831369002,0.45624420748095124
YARN-2690,0,0.9985744832501778,1,0.9985744832501778,0.0007127583749110937,0.0007127583749110937
YARN-2681,0,0.5714761071010737,2,0.5714761071010737,0.4284128188125107,0.00011107408641565987
YARN-2673,1,0.7834056412759013,2,0.0007674597083654514,0.7834056412759013,0.2158268990157333
YARN-2672,0,0.6509070578407683,2,0.6509070578407683,0.0005546311702720732,0.34853831098895965
YARN-2653,1,0.6633939827560881,2,0.0003027550711475047,0.6633939827560881,0.33630326217276446
YARN-2670,2,0.7910880891205356,1,0.136490819851006,0.07242109102845841,0.7910880891205356
YARN-2664,0,0.696641468354863,2,0.696641468354863,0.3027347013269833,0.0006238303181535785
YARN-2661,1,0.7279105800413735,2,0.0005546311702719091,0.7279105800413735,0.27153478878835446
YARN-2632,0,0.6996750804121982,2,0.6996750804121982,0.29949366439245667,0.0008312551953451871
YARN-2629,0,0.9987523393636926,1,0.9987523393636926,0.0006238303181536295,0.0006238303181536295
YARN-2619,0,0.9960238568588462,1,0.9960238568588462,0.001988071570576934,0.001988071570576934
YARN-2616,0,0.9971550497866283,1,0.9971550497866283,0.0014224751066858924,0.0014224751066858924
YARN-2613,1,0.3880680414551631,3,0.33507381696268373,0.3880680414551631,0.2768581415821533
YARN-2599,1,0.7761517399280751,2,0.0006653359946775157,0.7761517399280751,0.22318292407724738
YARN-2597,1,0.7339211740814978,2,0.0005871990604818762,0.7339211740814978,0.2654916268580204
YARN-2427,0,0.6112646164643265,2,0.6112646164643265,0.0007127583749109679,0.3880226251607625
YARN-2575,0,0.7683986147678058,2,0.7683986147678058,0.23118523874863178,0.00041614648356229415
YARN-2573,1,0.6138601035167476,2,0.3857403759079425,0.6138601035167476,0.0003995205753098491
YARN-2572,0,0.6345112692437502,2,0.6345112692437502,0.3649340995859778,0.0005546311702718738
YARN-2571,0,0.6376938418264367,2,0.6376938418264367,0.3619616869369113,0.000344471236652003
YARN-2552,0,0.7869511219311021,2,0.7869511219311021,0.21277133157986103,0.00027754648903699985
YARN-2548,2,0.999512551791372,1,0.000243724104313954,0.000243724104313954,0.999512551791372
YARN-2533,1,0.47404023849371285,2,0.39760104104389254,0.47404023849371285,0.12835872046239452
YARN-2528,2,0.5768428923191175,2,0.42263162160626333,0.0005254860746192855,0.5768428923191175
YARN-2521,2,0.5796786100961674,2,0.0005871990604819714,0.4197341908433506,0.5796786100961674
YARN-2520,2,0.6537080432736575,2,0.03647480198944765,0.3098171547368948,0.6537080432736575
YARN-2495,0,0.6540112548910985,2,0.6540112548910985,0.28734613623515465,0.05864260887374695
YARN-2518,1,0.4126925424184265,3,0.24891620227490371,0.4126925424184265,0.3383912553066697
YARN-2517,2,0.9987523393636929,1,0.0006238303181535712,0.0006238303181535712,0.9987523393636929
YARN-2513,0,0.5186216970662818,2,0.5186216970662818,0.0005871990604816643,0.48079110387323654
YARN-2503,2,0.7465109453210339,2,0.25296356860434704,0.0005254860746190697,0.7465109453210339
YARN-2501,0,0.9966832504145937,1,0.9966832504145937,0.00165837479270317,0.00165837479270317
YARN-2496,0,0.6012774481475704,2,0.6012774481475704,0.06018887523373307,0.33853367661869643
YARN-2494,0,0.594095419640889,2,0.594095419640889,0.3302979696274249,0.07560661073168617
YARN-2488,1,0.8328138548761136,2,0.00031220730565121295,0.8328138548761136,0.16687393781823517
YARN-2487,1,0.6345381115759925,2,0.04643540541432504,0.6345381115759925,0.3190264830096824
YARN-2475,1,0.5090397700373985,2,0.0007127583749111828,0.5090397700373985,0.4902474715876903
YARN-2468,1,0.5457565095876914,2,0.0004161464835622524,0.5457565095876914,0.4538273439287464
YARN-2466,0,0.7720040096251847,1,0.7720040096251847,0.13889456750045243,0.08910142287436304
YARN-2458,0,0.5749341578527779,2,0.5749341578527779,0.3648659378693363,0.06019990427788591
YARN-2456,1,0.801346430609606,2,0.00023239600278880895,0.801346430609606,0.1984211733876053
YARN-2440,0,0.9987523393636927,1,0.9987523393636927,0.0006238303181535383,0.0006238303181535383
YARN-2439,0,0.9505339378692478,1,0.9505339378692478,0.0002562131693569545,0.04920984896139524
YARN-2434,1,0.9990921470721741,1,0.0004539264639128774,0.9990921470721741,0.0004539264639128774
YARN-2420,2,0.9971550497866285,1,0.0014224751066857877,0.0014224751066857877,0.9971550497866285
YARN-2415,0,0.6018400278562349,2,0.6018400278562349,0.0005546311702718545,0.3976053409734932
YARN-2411,0,0.512857427144062,2,0.512857427144062,9.256687957051153e-05,0.4870500059763676
YARN-2408,2,0.6925493181776404,2,0.3071806305126108,0.00027005130974894296,0.6925493181776404
YARN-2386,0,0.5658370152904879,2,0.5658370152904879,0.00022711787417673107,0.4339358668353354
YARN-2378,0,0.7768145870998452,2,0.7768145870998452,0.0005546311702718479,0.22263078172988304
YARN-2331,1,0.9192245364214483,1,0.0001959631589262359,0.9192245364214483,0.08057950041962547
YARN-2360,2,0.9987523393636929,1,0.0006238303181535564,0.0006238303181535564,0.9987523393636929
YARN-2310,2,0.4727358463429908,3,0.2834978395838493,0.2437663140731599,0.4727358463429908
YARN-2344,1,0.6103143953958147,3,0.2192139814373781,0.6103143953958147,0.1704716231668072
YARN-2320,2,0.9986693280106447,1,0.0006653359946776543,0.0006653359946776543,0.9986693280106447
YARN-2302,2,0.8141524569288556,2,0.0002629503023929099,0.1855845927687515,0.8141524569288556
YARN-2299,1,0.7437154210199544,2,8.544817568148504e-05,0.7437154210199544,0.2561991308043642
YARN-2298,0,0.9985744832501781,1,0.9985744832501781,0.0007127583749109785,0.0007127583749109785
YARN-2297,2,0.419421937136896,3,0.19904836867460737,0.3815296941884965,0.419421937136896
YARN-2292,0,0.6316862378307596,2,0.6316862378307596,0.00036995930447656435,0.36794380286476375
YARN-2291,2,0.4796542801904895,3,0.29703626813440304,0.22330945167510743,0.4796542801904895
YARN-2278,0,0.5647653253263495,2,0.5647653253263495,0.0003995205753096731,0.43483515409834084
YARN-2257,2,0.6598191556299057,2,0.3399922718639657,0.00018857250612864306,0.6598191556299057
YARN-2253,0,0.9350866947451425,1,0.9350866947451425,0.06441405413154198,0.0004992511233154367
YARN-2248,0,0.5161597835512933,2,0.5161597835512933,0.0002854695974879975,0.4835547468512187
YARN-2233,1,0.5140428271029392,2,0.0007127583749111316,0.5140428271029392,0.48524441452214956
YARN-2227,1,0.7626300553090932,1,0.1215054267198798,0.7626300553090932,0.11586451797102701
YARN-2207,2,0.6789383712534879,2,0.000997008973081008,0.3200646197734311,0.6789383712534879
YARN-2198,0,0.6759801396381808,2,0.6759801396381808,0.2619866699051846,0.06203319045663452
YARN-2188,1,0.99818676337262,1,0.0009066183136900106,0.99818676337262,0.0009066183136900106
YARN-2186,1,0.8904829396566655,1,0.0005871990604816898,0.8904829396566655,0.10892986128285281
YARN-2185,2,0.5032464061042646,2,0.000587199060481743,0.49616639483525354,0.5032464061042646
YARN-2181,1,0.5388260470460859,2,0.000293858360270451,0.5388260470460859,0.46088009459364343
YARN-2179,1,0.607796669992393,2,0.39172781883309415,0.607796669992393,0.0004755111745127563
YARN-2177,0,0.5395475422673102,2,0.5395475422673102,0.0004161464835623808,0.4600363112491274
YARN-2176,2,0.9990921470721741,1,0.00045392646391297954,0.00045392646391297954,0.9990921470721741
YARN-2174,2,0.9986693280106452,1,0.0006653359946773887,0.0006653359946773887,0.9986693280106452
YARN-2172,0,0.375014001363403,3,0.375014001363403,0.32876370846269,0.29622229017390683
YARN-2069,2,0.5635385122790982,3,0.2223065796226298,0.21415490809827187,0.5635385122790982
YARN-2154,1,0.998890737659456,1,0.0005546311702719143,0.998890737659456,0.0005546311702719143
YARN-2151,2,0.5214519783837285,2,0.09349481420387117,0.3850532074124004,0.5214519783837285
YARN-2144,1,0.5484972430000092,2,0.00038417210910495744,0.5484972430000092,0.4511185848908858
YARN-2141,2,0.5383442047463053,2,0.14351844493990237,0.3181373503137923,0.5383442047463053
YARN-2140,0,0.996683250414593,1,0.996683250414593,0.0016583747927035152,0.0016583747927035152
YARN-2139,2,0.5297329912433542,2,0.4696431784384924,0.0006238303181535277,0.5297329912433542
YARN-2086,2,0.39895381600063917,3,0.3552579294490477,0.24578825455031317,0.39895381600063917
YARN-2113,1,0.5446718965296693,3,0.15664231288348743,0.5446718965296693,0.29868579058684336
YARN-2102,2,0.6306924229066355,2,0.3688914306098022,0.00041614648356240767,0.6306924229066355
YARN-2099,2,0.5532195598394578,2,0.0008312551953450799,0.4459491849651972,0.5532195598394578
YARN-2098,2,0.9985744832501782,1,0.0007127583749109416,0.0007127583749109416,0.9985744832501782
YARN-2084,1,0.5413817229678607,2,0.45823410492303435,0.5413817229678607,0.0003841721091049864
YARN-2082,2,0.8735172719219814,1,0.09598951077890658,0.030493217299112044,0.8735172719219814
YARN-2080,0,0.9989490278507616,1,0.9989490278507616,0.0005254860746191209,0.0005254860746191209
YARN-2049,2,0.9950372208436709,1,0.002481389578164613,0.002481389578164613,0.9950372208436709
YARN-2041,2,0.9995457642516464,1,0.00022711787417675888,0.00022711787417675888,0.9995457642516464
YARN-2040,1,0.9980059820538383,1,0.00099700897308088,0.9980059820538383,0.00099700897308088
YARN-2037,1,0.9985744832501781,1,0.0007127583749110078,0.9985744832501781,0.0007127583749110078
YARN-2033,2,0.9988256018790366,1,0.0005871990604817414,0.0005871990604817414,0.9988256018790366
YARN-2032,0,0.5288095676838476,2,0.5288095676838476,0.0006238303181535809,0.4705666019979988
YARN-2031,2,0.5489735030154663,2,0.00035676061362837215,0.45066973637090524,0.5489735030154663
YARN-2026,2,0.7024562756376276,2,6.13384039747468e-05,0.2974823859583976,0.7024562756376276
YARN-2010,1,0.9993944898577051,1,0.00030275507114751907,0.9993944898577051,0.00030275507114751907
YARN-2005,2,0.577013453100463,2,0.00038417210910494904,0.4226023747904321,0.577013453100463
YARN-2004,2,0.9992600813910469,1,0.00036995930447654814,0.00036995930447654814,0.9992600813910469
YARN-2001,1,0.9633772095126735,1,0.00021724961981322942,0.9633772095126735,0.03640554086751337
YARN-2000,1,0.7805205487755709,2,0.0003122073056510509,0.7805205487755709,0.219167243918778
YARN-1996,1,0.53746235227647,2,0.14901386181147172,0.53746235227647,0.3135237859120584
YARN-1994,0,0.5714982315487944,3,0.5714982315487944,0.1567081261411186,0.27179364231008696
YARN-1993,0,0.8614759446237962,1,0.8614759446237962,0.08675524061602528,0.05176881476017861
YARN-1990,2,0.5238903635629103,2,0.0002938583602704211,0.4758157780768193,0.5238903635629103
YARN-1983,0,0.8252717651637198,2,0.8252717651637198,0.0002562131693570028,0.1744720216669233
YARN-1972,0,0.6016124881909177,2,0.6016124881909177,0.30462761526301746,0.09375989654606476
YARN-1954,2,0.9992600813910467,1,0.0003699593044766526,0.0003699593044766526,0.9992600813910467
YARN-1953,0,0.6486999269768308,2,0.6486999269768308,0.27992842500457205,0.07137164801859716
YARN-1969,2,0.810487309923308,2,0.00012495314257157184,0.18938773693412053,0.810487309923308
YARN-1968,0,0.9994122832794593,1,0.9994122832794593,0.00029385836027041406,0.00029385836027041406
YARN-1963,2,0.5354111679407746,2,0.46420465995012034,0.0003841721091050948,0.5354111679407746
YARN-1938,0,0.6633663366339669,2,0.6633663366339669,0.33333333333302745,0.003300330033005633
YARN-1937,2,0.9966832504145933,1,0.001658374792703381,0.001658374792703381,0.9966832504145933
YARN-1936,0,0.42526617250309245,3,0.42526617250309245,0.3415819434130053,0.23315188408390217
YARN-1915,1,0.892280369136592,1,0.0002498126405197017,0.892280369136592,0.1074698182228884
YARN-1913,2,0.9992316557817902,1,0.0003841721091049259,0.0003841721091049259,0.9992316557817902
YARN-1871,0,0.5482184173376968,2,0.5482184173376968,0.0002172496198132494,0.45156433304248994
YARN-1864,2,0.7318748079450274,1,0.14687161715216743,0.12125357490280529,0.7318748079450274
YARN-1858,1,0.737052859612184,2,0.2626973277472964,0.737052859612184,0.00024981264051964635
YARN-1857,1,0.5328852074608258,2,0.00011760555098202981,0.5328852074608258,0.4669971869881922
YARN-1856,0,0.996023856858846,1,0.996023856858846,0.0019880715705770293,0.0019880715705770293
YARN-1838,2,0.7885875712814622,2,0.21110022141288678,0.00031220730565105617,0.7885875712814622
YARN-1815,1,0.9994122832794593,1,0.0002938583602704168,0.9994122832794593,0.0002938583602704168
YARN-1809,2,0.8740921055348126,1,0.00033300033300040255,0.12557489413218692,0.8740921055348126
YARN-1808,1,0.8547353117408658,1,0.14486516768382435,0.8547353117408658,0.0003995205753097042
YARN-1804,1,0.6458400486970244,2,0.29345883980898846,0.6458400486970244,0.06070111149398714
YARN-1799,2,0.7211793653202623,2,0.0002437241043139689,0.27857691057542366,0.7211793653202623
YARN-1769,1,0.6884497868030623,2,0.00012653422750857034,0.6884497868030623,0.3114236789694291
YARN-1766,2,0.6212602616128097,2,0.2521561038215144,0.1265836345656758,0.6212602616128097
YARN-1755,2,0.4965261857433095,3,0.29683656038417344,0.20663725387251708,0.4965261857433095
YARN-1743,1,0.9988256018790362,1,0.0005871990604817999,0.9988256018790362,0.0005871990604817999
YARN-1732,2,0.9495323779700017,1,0.00019988007195710221,0.050267741958041186,0.9495323779700017
YARN-1730,2,0.790987714450844,2,0.0005871990604817845,0.20842508648867428,0.790987714450844
YARN-1727,1,0.3816304999246068,3,0.3047116581628238,0.3816304999246068,0.31365784191256946
YARN-1717,2,0.6157598103087305,2,0.38385601758216437,0.00038417210910511677,0.6157598103087305
YARN-1714,2,0.9992600813910468,1,0.0003699593044765794,0.0003699593044765794,0.9992600813910468
YARN-1712,0,0.8386866300007181,2,0.8386866300007181,0.16085944353536885,0.000453926463913018
YARN-1710,0,0.6077787475453086,2,0.6077787475453086,0.3918512931502148,0.00036995930447661666
YARN-1709,0,0.805838306180016,2,0.805838306180016,0.19357449475950234,0.0005871990604816162
YARN-1708,0,0.8421097920679393,2,0.8421097920679393,0.00049925112331533,0.15739095680874515
YARN-1707,0,0.6410281478497742,2,0.6410281478497742,0.0002562131693570038,0.35871563898086867
YARN-1695,2,0.509136545873041,2,0.42354467421962777,0.06731877990733126,0.509136545873041
YARN-1639,2,0.549427606836509,2,0.00033300033300039187,0.4502393928304906,0.549427606836509
YARN-1659,2,0.9980059820538382,1,0.0009970089730809146,0.0009970089730809146,0.9980059820538382
YARN-1655,2,0.9966832504145935,1,0.0016583747927033103,0.0016583747927033103,0.9966832504145935
YARN-1654,2,0.5541745098816964,2,0.44440301501161783,0.0014224751066858074,0.5541745098816964
YARN-1651,2,0.9971550497866285,1,0.0014224751066857664,0.0014224751066857664,0.9971550497866285
YARN-1645,0,0.9983374896093099,1,0.9983374896093099,0.0008312551953450935,0.0008312551953450935
YARN-1621,1,0.7321618612460324,2,0.00022711787417676902,0.7321618612460324,0.2676110208797907
YARN-1620,1,0.5449219153199314,2,0.45469391257096353,0.5449219153199314,0.000384172109105032
YARN-1609,0,0.9933993399339934,1,0.9933993399339934,0.003300330033003354,0.003300330033003354
YARN-1520,2,0.7657707369263838,2,0.23280678796693036,0.0014224751066858822,0.7657707369263838
YARN-1593,1,0.5856551944166756,3,0.25652964261402805,0.5856551944166756,0.15781516296929632
YARN-1589,2,0.6081773785632486,2,0.34000877573909355,0.0518138456976577,0.6081773785632486
YARN-1585,0,0.6698584308683979,2,0.6698584308683979,0.0005871990604816928,0.3295543700711205
YARN-1584,1,0.8405430970726164,2,0.1592006897580267,0.8405430970726164,0.00025621316935694224
YARN-1582,2,0.8574389161854533,1,0.00014699397324712235,0.1424140898412996,0.8574389161854533
YARN-1564,0,0.9061530277677469,1,0.9061530277677469,0.0006238303181536362,0.09322314191409942
YARN-1558,1,0.9135621707977714,1,0.08612562189657755,0.9135621707977714,0.0003122073056510172
YARN-1543,1,0.452507187056919,3,0.267498086401942,0.452507187056919,0.2799947265411391
YARN-1538,0,0.7534303491488683,2,0.7534303491488683,0.0006238303181535724,0.24594582053297825
YARN-1530,0,0.5144111900916296,2,0.5144111900916296,0.08305549714153732,0.402533312766833
YARN-1512,2,0.5941167038425297,2,0.40517053778255924,0.0007127583749111447,0.5941167038425297
YARN-1510,1,0.4815708458231152,2,0.11074555218786417,0.4815708458231152,0.4076836019890207
YARN-1509,1,0.7671262252337729,2,0.23224994444807323,0.7671262252337729,0.0006238303181535876
YARN-1503,1,0.6210035749631225,2,0.3787965449649207,0.6210035749631225,0.00019988007195685892
YARN-1498,0,0.669862178667453,2,0.669862178667453,0.0005871990604816265,0.32955062227206544
YARN-1495,0,0.592295606133681,3,0.592295606133681,0.23575435720463037,0.17195003666168862
YARN-1493,2,0.5269425286700858,2,0.0003567606136283687,0.4727007107162857,0.5269425286700858
YARN-1492,2,0.723377556843014,2,0.23976875869040826,0.03685368446657772,0.723377556843014
YARN-1490,1,0.9987523393636927,1,0.0006238303181535753,0.9987523393636927,0.0006238303181535753
YARN-1489,1,0.8376054466023641,2,0.16208234609198494,0.8376054466023641,0.0003122073056509971
YARN-1488,0,0.5792929493793981,2,0.5792929493793981,0.42027283438091445,0.00043421623968747995
YARN-1462,2,0.5168127613341559,2,0.48228062035215374,0.0009066183136903272,0.5168127613341559
YARN-1461,1,0.7739702522657476,2,0.2243713729415492,0.7739702522657476,0.0016583747927033181
YARN-1436,1,0.7504382756109916,2,0.00030275507114752297,0.7504382756109916,0.24925896931786085
YARN-1448,1,0.6313608453014916,2,0.3680153243803546,0.6313608453014916,0.0006238303181535968
YARN-1440,2,0.7844739568937855,2,0.21536738849729803,0.00015865460891643506,0.7844739568937855
YARN-1421,1,0.9997403608983512,1,0.00012981955082436787,0.9997403608983512,0.00012981955082436787
YARN-1404,2,0.5960087567762006,3,0.17445551629893316,0.22953572692486635,0.5960087567762006
YARN-1394,1,0.9995125517913721,1,0.0002437241043140055,0.9995125517913721,0.0002437241043140055
YARN-1392,2,0.4266879541334545,3,0.3931828861640596,0.18012915970248583,0.4266879541334545
YARN-1390,0,0.6853074758550002,2,0.6853074758550002,0.00031220730565106007,0.31438031683934875
YARN-1389,1,0.9991315675206248,1,0.00043421623968752397,0.9991315675206248,0.00043421623968752397
YARN-1380,2,0.630236923707559,2,0.000312207305651058,0.3694508689867899,0.630236923707559
YARN-1378,1,0.9988907376594561,1,0.0005546311702718274,0.9988907376594561,0.0005546311702718274
YARN-1372,1,0.9997647888980359,1,0.00011760555098202263,0.9997647888980359,0.00011760555098202263
YARN-1371,1,0.8601793047777646,1,0.0002700513097488899,0.8601793047777646,0.1395506439124866
YARN-1370,1,0.7784214429154426,2,0.00027005130974888875,0.7784214429154426,0.22130850577480848
YARN-1369,1,0.796295486440894,2,0.000270051309748888,0.796295486440894,0.20343446224935713
YARN-1368,1,0.8452631940274559,2,0.15435263386343923,0.8452631940274559,0.00038417210910493
YARN-1367,1,0.9995352079944225,1,0.00023239600278876775,0.9995352079944225,0.00023239600278876775
YARN-1366,1,0.9996002398560864,1,0.0001998800719568682,0.9996002398560864,0.0001998800719568682
YARN-1362,1,0.8974836546795508,1,0.00036995930447658717,0.8974836546795508,0.10214638601597248
YARN-1360,2,0.6895365468773047,2,0.3102310571199064,0.0002323960027888215,0.6895365468773047
YARN-1355,1,0.7637462974059647,2,0.23525669362095447,0.7637462974059647,0.000997008973080955
YARN-1354,1,0.99818676337262,1,0.0009066183136900072,0.99818676337262,0.0009066183136900072
YARN-1338,1,0.9994122832794593,1,0.0002938583602704198,0.9994122832794593,0.0002938583602704198
YARN-1337,1,0.9994449070219261,1,0.00027754648903697215,0.9994449070219261,0.00027754648903697215
YARN-1336,1,0.6591468838827277,2,0.3401403577423613,0.6591468838827277,0.000712758374911
YARN-1324,2,0.5395519099516862,2,0.00010097950116129798,0.46034711054715255,0.5395519099516862
YARN-1318,1,0.4562305631251337,2,0.42206343101554245,0.4562305631251337,0.12170600585932391
YARN-1317,2,0.7006957635052109,2,0.2987496053245171,0.0005546311702719795,0.7006957635052109
YARN-1292,1,0.6290863571944598,3,0.2172283219073452,0.6290863571944598,0.1536853208981951
YARN-1290,2,0.999512551791372,1,0.00024372410431398157,0.00024372410431398157,0.999512551791372
YARN-1276,1,0.9966832504145929,1,0.0016583747927035656,0.9966832504145929,0.0016583747927035656
YARN-1253,1,0.6124467949974198,2,0.38733595538276694,0.6124467949974198,0.00021724961981322901
YARN-1250,2,0.6167283807544149,2,0.3807902296674208,0.0024813895781641633,0.6167283807544149
YARN-1249,0,0.6014661983345494,2,0.6014661983345494,0.061533663463753635,0.33700013820169694
YARN-1228,2,0.9239758497278668,1,0.00010634903754124452,0.07591780123459194,0.9239758497278668
YARN-1210,1,0.8695081771729739,1,0.00016940538709137994,0.8695081771729739,0.13032241743993467
YARN-1200,2,0.4721552225314797,3,0.24622730897908027,0.28161746848944,0.4721552225314797
YARN-1197,1,0.5897843364487343,2,0.00026295030239289146,0.5897843364487343,0.4099527132488728
YARN-1187,0,0.7583136317321207,2,0.7583136317321207,0.0005254860746191715,0.2411608821932601
YARN-1186,2,0.9988256018790368,1,0.0005871990604816062,0.0005871990604816062,0.9988256018790368
YARN-1177,1,0.5941279916283234,2,0.40524817805352276,0.5941279916283234,0.0006238303181537616
YARN-1155,0,0.7134162226953594,2,0.7134162226953594,0.28591844130996297,0.000665335994677542
YARN-1151,0,0.3786308561658005,3,0.3786308561658005,0.3342493260469531,0.2871198177872463
YARN-1133,2,0.9984650805832693,1,0.0007674597083653676,0.0007674597083653676,0.9984650805832693
YARN-1098,1,0.9522325565283665,1,0.04745523616598255,0.9522325565283665,0.0003122073056510501
YARN-1127,1,0.7818883897344893,2,0.00010413412475270105,0.7818883897344893,0.21800747614075797
YARN-1125,1,0.6972986907832682,2,0.3018700540213867,0.6972986907832682,0.000831255195345146
YARN-1124,1,0.5823018125004036,2,0.0004992511233150835,0.5823018125004036,0.4171989363762813
YARN-1117,0,0.9986693280106452,1,0.9986693280106452,0.0006653359946773895,0.0006653359946773895
YARN-1115,2,0.5173515691456603,2,0.4430156283073156,0.039632802547024094,0.5173515691456603
YARN-1105,1,0.9990014977533695,1,0.0004992511233151425,0.9990014977533695,0.0004992511233151425
YARN-1104,1,0.5254697209574546,2,0.0007127583749112102,0.5254697209574546,0.47381752066763433
YARN-1089,2,0.6575856577300406,2,0.34182714320947777,0.00058719906048168,0.6575856577300406
YARN-1080,2,0.5640632278241066,2,0.3330888923470393,0.1028478798288541,0.5640632278241066
YARN-1067,1,0.40636741880352145,3,0.2623853146895706,0.40636741880352145,0.3312472665069079
YARN-1065,1,0.7515255168705072,2,0.00043421623968745095,0.7515255168705072,0.24804026688980527
YARN-1063,0,0.6043287251689055,2,0.6043287251689055,0.11569268031905501,0.2799785945120395
YARN-1062,2,0.5506575267381791,2,0.0003330003330004758,0.4490094729288203,0.5506575267381791
YARN-1052,0,0.9988907376594561,1,0.9988907376594561,0.0005546311702718374,0.0005546311702718374
YARN-1051,0,0.7516456316506557,2,0.7516456316506557,0.24795484777403456,0.0003995205753097156
YARN-1041,1,0.855644550194601,1,0.1439854905009224,0.855644550194601,0.00036995930447657996
YARN-1040,1,0.6956324514540393,2,0.0002629503023929802,0.6956324514540393,0.3041045982435676
YARN-1037,2,0.6386586562043567,2,0.36090712755595583,0.0004342162396874503,0.6386586562043567
YARN-1033,1,0.6809158121578547,2,0.00041614648356226054,0.6809158121578547,0.31866804135858307
YARN-1029,0,0.6904624310418368,2,0.6904624310418368,0.30895036989768143,0.0005871990604817263
YARN-1028,0,0.7390956071641973,2,0.7390956071641973,0.26045046637188973,0.00045392646391291644
YARN-1027,0,0.6568048916025656,2,0.6568048916025656,0.34228849008374423,0.0009066183136901053
YARN-1024,0,0.6421368577708051,2,0.6421368577708051,0.0003995205753098107,0.35746362165388507
YARN-1023,2,0.9950372208436723,1,0.0024813895781638784,0.0024813895781638784,0.9950372208436723
YARN-1010,2,0.6197002597220179,2,0.0002775464890370076,0.38002219378894525,0.6197002597220179
YARN-1021,2,0.8267635358304295,2,0.17318091787173118,5.5546297839274816e-05,0.8267635358304295
YARN-1020,2,0.4600171820884235,3,0.21796378935709923,0.3220190285544773,0.4600171820884235
YARN-1019,2,0.8050205267813063,2,0.00020820320632949064,0.19477127001236422,0.8050205267813063
YARN-1016,0,0.5244664284542949,2,0.5244664284542949,0.11139510033494553,0.36413847121075954
YARN-1015,1,0.9990921470721741,1,0.00045392646391288587,0.9990921470721741,0.00045392646391288587
YARN-1014,1,0.6418076976552327,2,0.06526835564296621,0.6418076976552327,0.2929239467018009
YARN-1013,1,0.7179959395023618,2,0.000587199060481566,0.7179959395023618,0.2814168614371566
YARN-1011,1,0.9991315675206249,1,0.00043421623968746147,0.9991315675206249,0.00043421623968746147
YARN-1001,2,0.6132767222656406,2,0.14164440304970735,0.24507887468465214,0.6132767222656406
YARN-1000,0,0.5561184402187378,3,0.5561184402187378,0.21333075322810177,0.23055080655316038
YARN-997,0,0.5061753544021736,2,0.5061753544021736,0.49305718588946096,0.000767459708365504
YARN-986,1,0.7236679727024268,2,0.27602927222642587,0.7236679727024268,0.0003027550711474945
YARN-977,2,0.5620665064678901,2,0.024560839367077807,0.41337265416503205,0.5620665064678901
YARN-975,0,0.6178946053568419,2,0.6178946053568419,0.0011074197120711981,0.380997974931087
YARN-972,2,0.6793308798673146,2,0.27478390602957603,0.04588521410310928,0.6793308798673146
YARN-896,0,0.3469165592575865,3,0.3469165592575865,0.3317916965282055,0.3212917442142078
YARN-958,1,0.9505571641391507,1,0.00014279594459520615,0.9505571641391507,0.04930003991625406
YARN-957,1,0.7756739582232909,2,9.801038910126334e-05,0.7756739582232909,0.22422803138760777
YARN-953,2,0.9960238568588468,1,0.0019880715705766377,0.0019880715705766377,0.9960238568588468
YARN-951,2,0.7557759697040722,2,0.03129755192452505,0.21292647837140263,0.7557759697040722
YARN-950,2,0.8702748779961188,1,0.0002379252914585805,0.1294871967124226,0.8702748779961188
YARN-926,1,0.7082872230363096,2,0.06314199398973448,0.7082872230363096,0.22857078297395583
YARN-925,2,0.9984650805832689,1,0.0007674597083655789,0.0007674597083655789,0.9984650805832689
YARN-941,1,0.8071487951082822,2,0.00017534630896026216,0.8071487951082822,0.1926758585827576
YARN-921,0,0.6023733803307815,2,0.6023733803307815,0.39691386129430745,0.0007127583749110951
YARN-914,1,0.8600212846150086,1,0.0002437241043140255,0.8600212846150086,0.13973499128067746
YARN-913,1,0.8720874295198607,1,0.12760981540899188,0.8720874295198607,0.00030275507114753555
YARN-911,2,0.8492429237870895,2,0.0004992511233151562,0.15025782508959534,0.8492429237870895
YARN-910,1,0.9991315675206248,1,0.00043421623968752137,0.9991315675206248,0.00043421623968752137
YARN-904,0,0.9989490278507617,1,0.9989490278507617,0.000525486074619072,0.000525486074619072
YARN-875,2,0.5716528182421755,2,0.0007674597083658323,0.42757972204945865,0.5716528182421755
YARN-867,1,0.9148572796288368,1,0.08468879390725016,0.9148572796288368,0.00045392646391299824
YARN-851,0,0.9984650805832693,1,0.9984650805832693,0.000767459708365373,0.000767459708365373
YARN-824,0,0.9977851605758576,1,0.9977851605758576,0.0011074197120712014,0.0011074197120712014
YARN-813,0,0.5409599757274464,2,0.5409599757274464,0.00020395676116669883,0.45883606751138695
YARN-810,2,0.5972668205576253,3,0.19454511253835305,0.2081880669040217,0.5972668205576253
YARN-801,2,0.6998684906728676,2,0.0004342162396874121,0.299697293087445,0.6998684906728676
YARN-781,2,0.5637311762388512,2,0.0014224751066857946,0.4348463486544631,0.5637311762388512
YARN-789,2,0.7270376161191349,2,0.014569935355468933,0.2583924485253963,0.7270376161191349
YARN-785,1,0.7983514650939587,2,0.00039952057530988816,0.7983514650939587,0.20124901433073128
YARN-779,1,0.9995835935873413,1,0.00020820320632940578,0.9995835935873413,0.00020820320632940578
YARN-771,0,0.5484652879974706,2,0.5484652879974706,0.0012453300124538181,0.4502893819900756
YARN-747,0,0.5223545564453017,2,0.5223545564453017,0.00045392646391293086,0.4771915170907855
YARN-740,0,0.849856867178461,1,0.849856867178461,0.0012453300124539615,0.14889780280908516
YARN-732,0,0.46341426108169415,2,0.46341426108169415,0.3898751951376924,0.14671054378061343
YARN-717,0,0.9985744832501781,1,0.9985744832501781,0.0007127583749110124,0.0007127583749110124
YARN-714,1,0.8428652914493688,2,0.0004342162396875575,0.8428652914493688,0.1567004923109436
YARN-710,1,0.8186892846417507,2,0.18081146423493394,0.8186892846417507,0.0004992511233152216
YARN-707,2,0.9966832504145926,1,0.0016583747927037516,0.0016583747927037516,0.9966832504145926
YARN-696,1,0.7458666468807602,2,0.00018171906232965711,0.7458666468807602,0.25395163405691024
YARN-694,1,0.6833080303090128,2,0.28476503564656824,0.6833080303090128,0.031926934044418896
YARN-693,1,0.9006301206209099,1,0.00013328002132482775,0.9006301206209099,0.0992365993577651
YARN-692,1,0.72127101271716,2,0.2783959869498395,0.72127101271716,0.0003330003330003814
YARN-682,2,0.49781837110757776,3,0.29442389800999214,0.2077577308824301,0.49781837110757776
YARN-679,1,0.5890567367777598,2,0.00035676061362838115,0.5890567367777598,0.4105865026086118
YARN-672,1,0.9986693280106451,1,0.0006653359946774543,0.9986693280106451,0.0006653359946774543
YARN-671,1,0.6348033384204536,2,0.3632085900089694,0.6348033384204536,0.0019880715705770774
YARN-668,0,0.6452370795296117,2,0.6452370795296117,0.35426366934707293,0.000499251123315228
YARN-666,0,0.7462161515263128,2,0.7462161515263128,0.0005871990604818242,0.2531966494132054
YARN-641,1,0.550858184932874,2,0.30078478124489955,0.550858184932874,0.14835703382222665
YARN-624,0,0.5487096712280666,2,0.5487096712280666,0.45093356815830515,0.00035676061362829907
YARN-616,2,0.998574483250178,1,0.0007127583749110694,0.0007127583749110694,0.998574483250178
YARN-613,1,0.5908092777371811,2,0.40863609109254706,0.5908092777371811,0.0005546311702718175
YARN-611,1,0.8335320347604346,2,6.171696599397486e-05,0.8335320347604346,0.16640624827357156
YARN-608,0,0.37321072111092385,3,0.37321072111092385,0.3251464882431742,0.3016427906459019
YARN-600,0,0.5319405588807256,2,0.5319405588807256,0.0002854695974879197,0.4677739715217865
YARN-599,1,0.5172012649780773,3,0.25823871029997825,0.5172012649780773,0.2245600247219444
YARN-596,2,0.554083664850422,2,0.00024372410431395395,0.4456726110452641,0.554083664850422
YARN-595,2,0.9980059820538383,1,0.000997008973080898,0.000997008973080898,0.9980059820538383
YARN-589,2,0.998752339363693,1,0.0006238303181534903,0.0006238303181534903,0.998752339363693
YARN-582,1,0.9342097129462187,1,0.0004539264639131071,0.9342097129462187,0.06533636058986811
YARN-571,1,0.9993110575266964,1,0.0003444712366517882,0.9993110575266964,0.0003444712366517882
YARN-569,2,0.47241775849239714,2,0.08058222197110519,0.44700001953649765,0.47241775849239714
YARN-568,1,0.6461230073252955,2,0.3021263574936895,0.6461230073252955,0.051750635181015046
YARN-567,2,0.49253312043245046,2,0.08824059366134923,0.4192262859062004,0.49253312043245046
YARN-563,2,0.5398672811807699,2,0.33610818708183465,0.12402453173739557,0.5398672811807699
YARN-561,1,0.7787351327633508,1,0.08601341657972808,0.7787351327633508,0.13525145065692104
YARN-559,0,0.5153998184135757,2,0.5153998184135757,0.0009970089730812863,0.4836031726133431
YARN-558,1,0.6673684293761878,2,0.3324677167814395,0.6673684293761878,0.00016385384237265673
YARN-556,1,0.8120599086262685,2,0.18755591926462636,0.8120599086262685,0.0003841721091049807
YARN-549,1,0.8914212287078318,1,0.10823430005551629,0.8914212287078318,0.0003444712366518576
YARN-528,0,0.40000716006240755,3,0.40000716006240755,0.3702504437297304,0.22974239620786202
YARN-521,2,0.6861744219734549,2,0.0006653359946774091,0.31316024203186765,0.6861744219734549
YARN-514,1,0.9988256018790367,1,0.0005871990604815918,0.9988256018790367,0.0005871990604815918
YARN-513,1,0.8024142763615056,2,0.1967544684431493,0.8024142763615056,0.0008312551953450931
YARN-506,0,0.9984650805832692,1,0.9984650805832692,0.0007674597083654088,0.0007674597083654088
YARN-494,1,0.6887969820247577,2,0.0002562131693570005,0.6887969820247577,0.31094680480588527
YARN-482,2,0.8990189338823097,1,0.10069559652020241,0.00028546959748797636,0.8990189338823097
YARN-479,1,0.7884614703758829,2,0.0004992511233152821,0.7884614703758829,0.21103927850080195
YARN-471,1,0.7947562284119721,2,0.0008312551953452166,0.7947562284119721,0.2044125163926827
YARN-462,2,0.6237529782121055,2,0.3112261863197635,0.06502083546813098,0.6237529782121055
YARN-453,2,0.9990489776509746,1,0.000475511174512743,0.000475511174512743,0.9990489776509746
YARN-445,0,0.614685052004644,2,0.614685052004644,0.38505873482599906,0.0002562131693569974
YARN-443,1,0.46845222258811603,3,0.20637699800847506,0.46845222258811603,0.3251707794034088
YARN-438,1,0.9615457738205884,1,0.038227108305234785,0.9615457738205884,0.00022711787417681965
YARN-431,0,0.42340643291558794,3,0.42340643291558794,0.32286055646526796,0.2537330106191441
YARN-430,2,0.6069720984360356,3,0.19736427506992196,0.19566362649404256,0.6069720984360356
YARN-424,2,0.7866934097617635,2,0.00026295030239296746,0.21304363993584355,0.7866934097617635
YARN-423,2,0.6792652947344344,2,0.0002854695974879168,0.3204492356680777,0.6792652947344344
YARN-421,0,0.5112246921193979,2,0.5112246921193979,0.4883757873052923,0.0003995205753097714
YARN-420,0,0.4781145002869769,2,0.4781145002869769,0.45056520600196187,0.0713202937110612
YARN-336,2,0.5942563803681564,2,0.0003699593044766444,0.4053736603273668,0.5942563803681564
YARN-419,1,0.530134875031727,3,0.2002902292358001,0.530134875031727,0.269574895732473
YARN-418,0,0.6733035202272577,2,0.6733035202272577,0.00034447123665184537,0.32635200853609037
YARN-417,1,0.39862291073899714,3,0.34684836710900413,0.39862291073899714,0.25452872215199873
YARN-415,2,0.5981155050520464,2,0.00014486455164425393,0.4017396303963093,0.5981155050520464
YARN-405,0,0.572442025009305,3,0.572442025009305,0.25699646431124246,0.17056151067945255
YARN-393,2,0.9988907376594562,1,0.0005546311702718875,0.0005546311702718875,0.9988907376594562
YARN-386,0,0.6090952395410851,2,0.6090952395410851,0.39037927438429554,0.0005254860746192487
YARN-378,1,0.9981867633726199,1,0.0009066183136900381,0.9981867633726199,0.0009066183136900381
YARN-373,1,0.6136022956653855,2,0.00014486455164425428,0.6136022956653855,0.38625283978297037
YARN-371,2,0.5850923614624797,2,5.9869484523754715e-05,0.41484776905299653,0.5850923614624797
YARN-366,2,0.743768549428494,2,0.00017847581652696598,0.256052974754979,0.743768549428494
YARN-358,0,0.5952444578430118,3,0.5952444578430118,0.18777345680063215,0.21698208535635607
YARN-333,2,0.8627922471477977,1,0.00035676061362840316,0.13685099223857386,0.8627922471477977
YARN-327,2,0.998574483250178,1,0.0007127583749110589,0.0007127583749110589,0.998574483250178
YARN-326,2,0.9994122832794592,1,0.0002938583602703802,0.0002938583602703802,0.9994122832794592
YARN-321,2,0.7587291613689048,2,0.24110698478872247,0.000163853842372718,0.7587291613689048
YARN-314,2,0.999375585388698,1,0.000312207305650983,0.000312207305650983,0.999375585388698
YARN-311,2,0.44671599552692565,3,0.3304192581080264,0.22286474636504788,0.44671599552692565
YARN-309,1,0.9960238568588466,1,0.00198807157057674,0.9960238568588466,0.00198807157057674
YARN-304,1,0.5533250731104818,2,0.0001586546089164454,0.5533250731104818,0.44651627228060176
YARN-291,0,0.8073729687282702,2,0.8073729687282702,0.19237721863121016,0.0002498126405196728
YARN-286,0,0.85811437510276,1,0.85811437510276,0.0009970089730815227,0.14088861592415844
YARN-285,1,0.5743716942296548,2,0.00019988007195689028,0.5743716942296548,0.4254284256983881
YARN-279,0,0.5220768519481532,2,0.5220768519481532,0.4074217451914165,0.0705014028604303
YARN-276,2,0.8383222931706945,2,0.0004539264639131007,0.1612237803653924,0.8383222931706945
YARN-273,1,0.52411248981181,2,0.47505625499284476,0.52411248981181,0.0008312551953452239
YARN-265,2,0.7405919404345934,2,0.2588534283951347,0.000554631170271934,0.7405919404345934
YARN-261,1,0.7377778948817303,2,0.26207065880598723,0.7377778948817303,0.00015144631228235147
YARN-257,1,0.7702699983110536,2,0.00017847581652692085,0.7702699983110536,0.22955152587241948
YARN-256,2,0.6924544738419027,2,0.0002379252914585765,0.3073076008666387,0.6924544738419027
YARN-250,2,0.6639649554033278,2,0.3359174390456901,0.00011760555098203255,0.6639649554033278
YARN-247,2,0.7863990560511679,2,0.212493524236761,0.0011074197120710253,0.7863990560511679
YARN-238,2,0.6936681073701864,2,0.00039952057530973214,0.3059323720545039,0.6936681073701864
YARN-232,1,0.6786852977371847,2,0.000997008973081019,0.6786852977371847,0.32031769328973425
YARN-231,1,0.730029646750902,2,0.2683119784563949,0.730029646750902,0.001658374792703219
YARN-230,1,0.6685721222565194,2,0.33115782643373176,0.6685721222565194,0.0002700513097489139
YARN-222,2,0.9988907376594562,1,0.0005546311702718647,0.0005546311702718647,0.9988907376594562
YARN-197,2,0.9988907376594562,1,0.000554631170271905,0.000554631170271905,0.9988907376594562
YARN-196,1,0.9986693280106453,1,0.0006653359946773706,0.9986693280106453,0.0006653359946773706
YARN-195,1,0.8502984412419321,1,0.0003995205753096944,0.8502984412419321,0.14930203818275814
YARN-191,0,0.9992009588493805,1,0.9992009588493805,0.00039952057530968655,0.00039952057530968655
YARN-160,2,0.7968101013451376,2,0.00022711787417685527,0.20296278078068558,0.7968101013451376
YARN-153,2,0.5282399442385628,2,0.47149000445168815,0.00027005130974897137,0.5282399442385628
YARN-149,1,0.5621300606457902,2,0.3791994946234039,0.5621300606457902,0.05867044473080592
YARN-128,1,0.7937959401228509,2,0.20572854870263627,0.7937959401228509,0.0004755111745127339
YARN-125,1,0.8980479184855448,1,0.0006238303181537087,0.8980479184855448,0.10132825119630154
YARN-120,1,0.567102342923263,2,0.4323104580162551,0.567102342923263,0.0005871990604817694
YARN-119,1,0.4678760322548935,3,0.34487024651347803,0.4678760322548935,0.18725372123162853
YARN-118,1,0.5576878382715442,2,0.441912641153146,0.5576878382715442,0.0003995205753097605
YARN-117,1,0.5410132186266658,3,0.267250668814943,0.5410132186266658,0.19173611255839115
YARN-111,2,0.6399021341233396,2,0.3594325298819828,0.0006653359946774836,0.6399021341233396
YARN-103,0,0.41277590691037047,3,0.41277590691037047,0.2688700404629195,0.3183540526267101
YARN-91,2,0.5689369683858703,2,0.001107419712071373,0.4299556119020584,0.5689369683858703
YARN-90,1,0.5067326673179778,2,0.00036995930447658967,0.5067326673179778,0.49289737337754563
YARN-80,2,0.96565555560065,1,0.03412237022657631,0.0002220741727737471,0.96565555560065
YARN-78,0,0.9971550497866283,1,0.9971550497866283,0.0014224751066858946,0.0014224751066858946
YARN-74,1,0.9996876464157424,1,0.00015617679212871305,0.9996876464157424,0.00015617679212871305
YARN-73,1,0.9997261399424892,1,0.00013693002875532888,0.9997261399424892,0.00013693002875532888
YARN-72,1,0.9994290608050241,1,0.0002854695974879829,0.9994290608050241,0.0002854695974879829
YARN-60,1,0.9364261652827123,1,0.0003841721091049725,0.9364261652827123,0.06318966260818262
YARN-45,1,0.5834744294789626,2,0.00022207417277379384,0.5834744294789626,0.41630349634826364
YARN-41,1,0.9986693280106452,1,0.0006653359946773907,0.9986693280106452,0.0006653359946773907
YARN-40,1,0.605352965499797,2,0.3939816985055256,0.605352965499797,0.0006653359946774285
YARN-39,1,0.8951734344267794,1,0.00036995930447661173,0.8951734344267794,0.10445660626874391
YARN-34,0,0.7294194969289352,2,0.7294194969289352,0.26999330401058286,0.0005871990604818628
YARN-29,0,0.814344982730661,2,0.814344982730661,0.0006238303181538388,0.18503118695118506
YARN-19,2,0.525699693751634,2,0.11183164416289683,0.3624686620854692,0.525699693751634
YARN-18,0,0.7014301526879988,2,0.7014301526879988,0.0003699593044766174,0.29819988800752456
YARN-3,0,0.9960238568588461,1,0.9960238568588461,0.0019880715705770063,0.0019880715705770063
YARN-1,0,0.9985744832501782,1,0.9985744832501782,0.0007127583749109557,0.0007127583749109557
YARN-530,0,0.8709760966331961,1,0.8709760966331961,0.12849841729218456,0.0005254860746192628
YARN-221,2,0.8053700310581772,2,0.0002854695974879212,0.1943444993443349,0.8053700310581772
YARN-3657,0,0.5969571922167722,2,0.5969571922167722,0.31463947271037573,0.08840333507285214
YARN-3658,1,0.6680942202494968,2,0.00047551117451265896,0.6680942202494968,0.3314302685759905
YARN-4858,1,0.36172232379197344,3,0.29028674206440985,0.36172232379197344,0.34799093414361665
YARN-6667,1,0.6956957731522075,2,0.00022711787417677826,0.6956957731522075,0.30407710897361556
YARN-6476,2,0.599240192750478,2,0.39992855205417677,0.0008312551953451883,0.599240192750478
YARN-5764,2,0.5140306106976849,3,0.1719099675510561,0.3140594217512591,0.5140306106976849
YARN-6483,1,0.681833756983153,2,0.00011490290704358276,0.681833756983153,0.3180513401098035
YARN-5864,2,0.6946743233071208,2,6.755387421470472e-05,0.3052581228186645,0.6946743233071208
YARN-5871,0,0.6059189869516708,2,0.6059189869516708,0.3930840040752477,0.0009970089730815292
YARN-6740,1,0.8050617287142017,2,0.19441278521117908,0.8050617287142017,0.0005254860746191131
YARN-7402,1,0.4253630833984328,3,0.3335165869991368,0.4253630833984328,0.2411203296024304
YARN-7403,1,0.5808545257099373,2,0.0003444712366519449,0.5808545257099373,0.41880100305341067
YARN-8234,2,0.7817597705904403,2,0.021343809034358424,0.19689642037520125,0.7817597705904403
YARN-8118,0,0.4144186563312028,3,0.4144186563312028,0.38407821749988424,0.2015031261689131
YARN-7834,2,0.46645475783081186,3,0.3248366945604825,0.20870854760870566,0.46645475783081186
YARN-7898,0,0.5616824487731511,2,0.5616824487731511,0.4376522152321715,0.0006653359946774163
YARN-7899,1,0.7613605937235246,2,7.141326858533468e-05,0.7613605937235246,0.23856799300789003
YARN-8972,2,0.37952461391949727,3,0.2666762939221257,0.3537990921583769,0.37952461391949727
YARN-9075,0,0.5739610171389984,2,0.5739610171389984,0.4252715231526362,0.0007674597083654136
YARN-9342,2,0.8797503765412522,1,0.11962579314059416,0.0006238303181535817,0.8797503765412522
YARN-9869,2,0.9991677070328754,1,0.00041614648356230185,0.00041614648356230185,0.9991677070328754
YARN-9608,1,0.8389793388635816,1,0.04752485234898756,0.8389793388635816,0.11349580878743082
YARN-8873,0,0.9983374896093098,1,0.9983374896093098,0.0008312551953450978,0.0008312551953450978
YARN-8900,1,0.9989490278507617,1,0.0005254860746190924,0.9989490278507617,0.0005254860746190924
YARN-9834,0,0.46415471820402754,2,0.46415471820402754,0.4623533195875462,0.07349196220842626
YARN-9708,2,0.5017835948880499,3,0.2541462302991943,0.24407017481275595,0.5017835948880499
YARN-10174,2,0.5465904433115616,2,0.0007127583749109972,0.4526967983135273,0.5465904433115616
YARN-10775,2,0.5167761081710885,3,0.2917005029893739,0.19152338883953746,0.5167761081710885
YARN-10306,2,0.8029243289203621,2,0.1968834742701049,0.0001921968095330057,0.8029243289203621
YARN-10538,1,0.9994290608050242,1,0.00028546959748792415,0.9994290608050242,0.00028546959748792415
YARN-10547,2,0.5409815094056506,2,0.45861897001903956,0.0003995205753097918,0.5409815094056506
YARN-10559,1,0.5902298689816026,2,0.00026295030239290425,0.5902298689816026,0.40950718071600445
YARN-10638,2,0.48712501837546823,2,0.4708267157898599,0.04204826583467187,0.48712501837546823
YARN-10444,2,0.8242550408817145,2,0.17555638661215678,0.00018857250612869058,0.8242550408817145
YARN-10680,1,0.9986693280106446,1,0.000665335994677751,0.9986693280106446,0.000665335994677751
YARN-10886,2,0.9996080736821477,1,0.00019596315892616035,0.00019596315892616035,0.9996080736821477
YARN-10888,2,0.7641731353889035,2,0.23562698453913958,0.00019988007195688703,0.7641731353889035
YARN-11057,2,0.7601047349427893,2,0.00014486455164425014,0.23975040050556648,0.7601047349427893
YARN-10965,2,0.5995834126701453,2,0.3138582557692588,0.08655833156059603,0.5995834126701453
YARN-11034,2,0.6768042051337546,2,0.000712758374911085,0.3224830364913343,0.6768042051337546
YARN-11015,1,0.711044795328559,2,7.517101405699658e-05,0.711044795328559,0.28888003365738407
YARN-11066,0,0.7875901359069627,1,0.7875901359069627,0.0679292894845734,0.14448057460846378
YARN-11104,2,0.7396615311728969,2,0.0004539264639130862,0.2598845423631899,0.7396615311728969
YARN-11090,0,0.9980059820538382,1,0.9980059820538382,0.0009970089730809567,0.0009970089730809567
YARN-11095,2,0.7533567377393653,1,0.1037281256792232,0.14291513658141142,0.7533567377393653
YARN-11096,2,0.9989490278507617,1,0.0005254860746191477,0.0005254860746191477,0.9989490278507617
YARN-11092,0,0.6575638622436725,2,0.6575638622436725,0.0004342162396874514,0.34200192151664016
YARN-11084,0,0.4920073331777959,3,0.4920073331777959,0.25666768094163805,0.251324985880566
YARN-11087,1,0.47201795016316295,3,0.2876154663227145,0.47201795016316295,0.24036658351412252
YARN-11110,2,0.5783012976403848,2,0.10257083515401379,0.3191278672056013,0.5783012976403848
YARN-11199,0,0.6476686597314568,2,0.6476686597314568,0.0783678290046319,0.2739635112639113
YARN-11276,2,0.6619114699824004,2,0.0006238303181535763,0.33746469969944615,0.6619114699824004
YARN-11188,2,0.9010500000799755,1,0.021505006599582873,0.07744499332044172,0.9010500000799755
YARN-11252,1,0.7225544577725281,2,0.2760230671207862,0.7225544577725281,0.0014224751066857378
YARN-11122,2,0.6708984187442649,2,0.3289349978807558,0.00016658337497924255,0.6708984187442649
YARN-11126,0,0.6579726083317861,2,0.6579726083317861,0.00018508236165102194,0.3418423093065629
YARN-11134,0,0.9988256018790366,1,0.9988256018790366,0.0005871990604816241,0.0005871990604816241
YARN-11140,0,0.735109874918725,2,0.735109874918725,0.0006653359946773996,0.2642247890865976
YARN-11152,2,0.5705413262855439,3,0.20217517740555815,0.22728349630889796,0.5705413262855439
YARN-11327,2,0.8133058919904238,1,0.0911205056844336,0.09557360232514267,0.8133058919904238
YARN-11331,0,0.595239568196077,2,0.595239568196077,0.055461027160918705,0.34929940464300424
YARN-11332,2,0.9992009588493806,1,0.00039952057530969924,0.00039952057530969924,0.9992009588493806
YARN-11411,2,0.6859283762971842,2,0.10148521921589232,0.21258640448692342,0.6859283762971842
YARN-11412,2,0.6225517024144093,2,0.2621304426777135,0.11531785490787733,0.6225517024144093
YARN-11333,2,0.9981867633726199,1,0.0009066183136900471,0.0009066183136900471,0.9981867633726199
YARN-11335,2,0.7205167586782943,2,0.2792659917018925,0.0002172496198132444,0.7205167586782943
YARN-11340,2,0.6042679334153344,2,0.00033300033300040326,0.39539906625166527,0.6042679334153344
YARN-11300,2,0.9302674744029688,1,0.06938805436037944,0.00034447123665182233,0.9302674744029688
YARN-11423,0,0.8266021399811301,2,0.8266021399811301,0.17294393355495707,0.0004539264639128828
YARN-11425,1,0.6695216694734394,2,0.0004539264639129258,0.6695216694734394,0.33002440406264766
YARN-11309,0,0.6500916823571958,2,0.6500916823571958,0.06479950180209179,0.28510881584071235
YARN-11315,0,0.5381821912234199,2,0.5381821912234199,0.3347635090496377,0.1270542997269424
YARN-11345,2,0.5850595009581476,2,0.41295242747127553,0.0019880715705769348,0.5850595009581476
YARN-11391,0,0.5262835950119105,3,0.5262835950119105,0.2747963155498841,0.19892008943820552
YARN-11303,0,0.695780287871279,2,0.695780287871279,0.0008312551953451584,0.3033884569333758
YARN-11351,0,0.7507885022349876,2,0.7507885022349876,0.24894854746261957,0.00026295030239287926
YARN-11352,2,0.9992316557817902,1,0.0003841721091049133,0.0003841721091049133,0.9992316557817902
YARN-11354,2,0.99818676337262,1,0.0009066183136899867,0.0009066183136899867,0.99818676337262
YARN-11355,1,0.9994122832794594,1,0.00029385836027036793,0.9994122832794594,0.00029385836027036793
YARN-11356,0,0.7502209503529473,2,0.7502209503529473,0.0005254860746191644,0.24925356357243353
YARN-11358,1,0.9994290608050244,1,0.00028546959748788366,0.9994290608050244,0.00028546959748788366
YARN-11401,1,0.8191892154643656,2,0.0003330003330003939,0.8191892154643656,0.18047778420263402
YARN-11361,0,0.8439721366269644,2,0.8439721366269644,0.0004992511233151392,0.15552861224972045
YARN-11448,1,0.660692031870946,2,0.012711479672587596,0.660692031870946,0.32659648845646627
YARN-11440,0,0.9971550497866286,1,0.9971550497866286,0.0014224751066857521,0.0014224751066857521
