issue_key,dominant_topic,dominant_topic_share,n_topics_present,topic_0_proportion,topic_1_proportion,topic_2_proportion
YARN-10650,2,0.9987523393636929,1,0.000623830318153591,0.000623830318153591,0.9987523393636929
YARN-11025,0,0.6927381560273421,2,0.6927381560273421,0.00023792529145854442,0.30702391868119927
YARN-11005,1,0.7357131902637624,2,0.26403699709571804,0.7357131902637624,0.000249812640519662
YARN-11003,1,0.8401972078568477,2,0.1595648668516938,0.8401972078568477,0.00023792529145855203
YARN-11002,0,0.6678884557645638,2,0.6678884557645638,0.33205973881658934,5.180541884682716e-05
YARN-10980,2,0.875528118686964,1,0.00017847581652696975,0.12429340549650902,0.875528118686964
YARN-10955,2,0.47771732852982796,3,0.17946524432001007,0.3428174271501619,0.47771732852982796
YARN-10930,1,0.6502932790041964,2,0.34952163863415264,0.6502932790041964,0.00018508236165101023
YARN-10928,0,0.7007141371236871,2,0.7007141371236871,0.18769624122387263,0.11158962165244019
YARN-10899,1,0.6494307058075234,2,0.248851249513542,0.6494307058075234,0.10171804467893457
YARN-10898,1,0.55119701743061,2,0.00023239600278882977,0.55119701743061,0.4485705865666012
YARN-10889,0,0.9971550497866286,1,0.9971550497866286,0.0014224751066857465,0.0014224751066857465
YARN-10843,0,0.47524898950187583,3,0.47524898950187583,0.2773239725734714,0.24742703792465287
YARN-10835,2,0.9996876464157426,1,0.00015617679212871844,0.00015617679212871844,0.9996876464157426
YARN-10790,0,0.9994875736612862,1,0.9994875736612862,0.00025621316935696176,0.00025621316935696176
YARN-10782,0,0.8589551753539478,1,0.8589551753539478,0.0006238303181535719,0.1404209943278987
YARN-10759,0,0.5920801724594089,2,0.5920801724594089,0.40758682720759043,0.0003330003330006487
YARN-10758,0,0.5660883123139017,2,0.5660883123139017,0.43364163637634934,0.00027005130974894995
YARN-10755,2,0.8733163043452796,1,0.1262841750794104,0.0003995205753099351,0.8733163043452796
YARN-10738,0,0.5218351388236162,2,0.5218351388236162,0.4778526538707328,0.00031220730565102326
YARN-10714,0,0.9039200922706476,1,0.9039200922706476,0.0002629503023928934,0.09581695742695949
YARN-10655,0,0.9995835935873412,1,0.9995835935873412,0.0002082032063294315,0.0002082032063294315
YARN-10623,0,0.9994598973805022,1,0.9994598973805022,0.00027005130974895386,0.00027005130974895386
YARN-10621,1,0.9998437866125127,1,7.810669374368457e-05,0.9998437866125127,7.810669374368457e-05
YARN-10617,1,0.5228636462579911,2,0.47690923586783224,0.5228636462579911,0.0002271178741767492
YARN-10598,0,0.9997619897655597,1,0.9997619897655597,0.0001190051172200609,0.0001190051172200609
YARN-10585,2,0.8297571310256175,2,0.16976735779986962,0.00047551117451282056,0.8297571310256175
YARN-10581,0,0.9995747395279609,1,0.9995747395279609,0.0002126302360195883,0.0002126302360195883
YARN-10579,0,0.9992009588493805,1,0.9992009588493805,0.00039952057530968503,0.00039952057530968503
YARN-10571,0,0.99923165578179,1,0.99923165578179,0.0003841721091049722,0.0003841721091049722
YARN-10564,0,0.7881458277870883,2,0.7881458277870883,0.21158412090316273,0.0002700513097489565
YARN-10546,1,0.9990921470721735,1,0.0004539264639131527,0.9990921470721735,0.0004539264639131527
YARN-10534,1,0.6781655900064895,2,0.00029385836027044486,0.6781655900064895,0.3215405516332401
YARN-10524,1,0.9264538787534848,1,0.07341284122519018,0.9264538787534848,0.00013328002132484464
YARN-10521,1,0.5310571748710676,2,0.4686205563567763,0.5310571748710676,0.0003222687721560546
YARN-10514,1,0.9358063921385692,1,0.06401188879910114,0.9358063921385692,0.00018171906232968373
YARN-10512,0,0.6484854595042572,2,0.6484854595042572,0.11660688406713401,0.23490765642860867
YARN-10505,1,0.590591382392811,2,0.40930226856964774,0.590591382392811,0.00010634903754126394
YARN-10496,0,0.9997895401452171,1,0.9997895401452171,0.00010522992739137956,0.00010522992739137956
YARN-10493,1,0.9983374896093095,1,0.0008312551953452704,0.9983374896093095,0.0008312551953452704
YARN-10478,0,0.5277691628435187,2,0.5277691628435187,0.4718608778520046,0.0003699593044766049
YARN-10473,2,0.8114466724262052,2,0.18792949725564131,0.0006238303181535553,0.8114466724262052
YARN-10449,0,0.4391825434230159,3,0.4391825434230159,0.26106266596823363,0.2997547906087504
YARN-10436,2,0.9994122832794591,1,0.00029385836027038945,0.00029385836027038945,0.9994122832794591
YARN-10433,2,0.7207922393916564,2,0.0001959631589262353,0.2790117974494173,0.7207922393916564
YARN-10432,2,0.6216004879231579,2,0.00023792529145860684,0.3781615867853834,0.6216004879231579
YARN-10431,1,0.6377887329594388,3,0.2100730289063123,0.6377887329594388,0.15213823813424898
YARN-10422,2,0.8720628586775265,1,0.027847034954963282,0.10009010636751017,0.8720628586775265
YARN-10421,2,0.5917379364220426,3,0.1660579100822291,0.2422041534957282,0.5917379364220426
YARN-10406,2,0.7978371109082855,2,0.00010985389432060034,0.20205303519739384,0.7978371109082855
YARN-10389,2,0.8511106029646102,1,0.14853263642176148,0.0003567606136283527,0.8511106029646102
YARN-10384,0,0.9994598973805022,1,0.9994598973805022,0.00027005130974891705,0.00027005130974891705
YARN-10376,0,0.54642806120528,2,0.54642806120528,0.0002854695974879741,0.45328646919723187
YARN-10375,0,0.5566386444381964,2,0.5566386444381964,0.00034447123665183246,0.4430168843251517
YARN-10374,0,0.8086991044977604,2,0.8086991044977604,0.00035676061362835534,0.19094413488861123
YARN-10370,0,0.7637130612025982,2,0.7637130612025982,0.0002498126405196963,0.23603712615688216
YARN-10043,2,0.6564916033619271,2,0.0011074197120714997,0.3424009769260014,0.6564916033619271
YARN-10352,0,0.9997184288328873,1,0.9997184288328873,0.00014078558355627236,0.00014078558355627236
YARN-10335,1,0.5510495115470059,2,0.44851627221330675,0.5510495115470059,0.0004342162396874426
YARN-10333,2,0.8915226534915531,1,0.00024981264051968446,0.10822753386792722,0.8915226534915531
YARN-10323,2,0.6627995400677996,2,0.00018508236165104186,0.3370153775705493,0.6627995400677996
YARN-10311,2,0.7032564572672625,2,0.0004992511233151121,0.2962442916094225,0.7032564572672625
YARN-10304,2,0.9994875736612859,1,0.0002562131693569854,0.0002562131693569854,0.9994875736612859
YARN-10292,2,0.7629056220857128,2,0.0005871990604819086,0.23650717885380537,0.7629056220857128
YARN-10281,2,0.5443896628073929,2,0.0005871990604819318,0.4550231381321252,0.5443896628073929
YARN-10276,2,0.9991677070328753,1,0.0004161464835623701,0.0004161464835623701,0.9991677070328753
YARN-10246,2,0.999167707032875,1,0.00041614648356247755,0.00041614648356247755,0.999167707032875
YARN-10238,0,0.6428007412329102,2,0.6428007412329102,0.00024372410431402474,0.35695553466277574
YARN-10229,2,0.7915052448705734,2,0.2083596747566047,0.0001350803728218643,0.7915052448705734
YARN-10216,2,0.9996228549877425,1,0.0001885725061286982,0.0001885725061286982,0.9996228549877425
YARN-10028,2,0.9360683164214932,1,0.000475511174512744,0.06345617240399398,0.9360683164214932
YARN-10214,0,0.9988256018790367,1,0.9988256018790367,0.0005871990604815777,0.0005871990604815777
YARN-10181,1,0.9983374896093096,1,0.0008312551953452554,0.9983374896093096,0.0008312551953452554
YARN-10162,0,0.5579781688975926,2,0.5579781688975926,0.0002938583602704285,0.44172797274213704
YARN-10126,0,0.9991677070328753,1,0.9991677070328753,0.0004161464835622754,0.0004161464835622754
YARN-10114,2,0.9991315675206248,1,0.0004342162396876012,0.0004342162396876012,0.9991315675206248
YARN-10101,2,0.8250199260936055,2,0.00043421623968742775,0.17454585766670705,0.8250199260936055
YARN-10100,0,0.5064574564041263,2,0.5064574564041263,0.0003567606136283718,0.4931857829822454
YARN-10099,0,0.8299071252534926,2,0.8299071252534926,9.343174810803074e-05,0.16999944299839917
YARN-10096,2,0.9960238568588458,1,0.0019880715705771416,0.0019880715705771416,0.9960238568588458
YARN-10094,1,0.42500169305490487,3,0.30404629206356765,0.42500169305490487,0.2709520148815276
YARN-10079,1,0.8154118204467671,2,0.18392284355855548,0.8154118204467671,0.0006653359946774281
YARN-10062,2,0.9990014977533698,1,0.0004992511233151218,0.0004992511233151218,0.9990014977533698
YARN-10039,0,0.6521461203952196,2,0.6521461203952196,0.0007674597083654566,0.347086419896415
YARN-10032,2,0.8465202281250804,2,0.0002562131693569868,0.15322355870556262,0.8465202281250804
YARN-10031,2,0.9993554624556877,1,0.00032226877215614546,0.00032226877215614546,0.9993554624556877
YARN-10022,2,0.9986693280106451,1,0.000665335994677448,0.000665335994677448,0.9986693280106451
YARN-9927,0,0.5341163321710061,3,0.5341163321710061,0.25266482043526844,0.21321884739372546
YARN-9936,1,0.7104538038946416,2,0.2894054105218019,0.7104538038946416,0.00014078558355626314
YARN-9926,0,0.46842560365313624,3,0.46842560365313624,0.33571816616481487,0.19585623018204884
YARN-9923,1,0.3769765142427741,3,0.2602443268655215,0.3769765142427741,0.36277915889170437
YARN-9916,0,0.6005188419244747,2,0.6005188419244747,0.00023239600278882847,0.3992487620727366
YARN-9904,1,0.7075897849190647,2,0.10843866005823458,0.7075897849190647,0.18397155502270066
YARN-9899,2,0.9997102708967115,1,0.00014486455164428402,0.00014486455164428402,0.9997102708967115
YARN-9897,1,0.999743688325003,1,0.00012815583749843052,0.999743688325003,0.00012815583749843052
YARN-9879,0,0.6821846546669389,2,0.6821846546669389,0.0004992511233152052,0.31731609420974594
YARN-9848,1,0.5277455391818665,2,0.00045392646391300816,0.5277455391818665,0.4718005343542206
YARN-9809,0,0.9431457319613267,1,0.9431457319613267,0.05643812155511073,0.00041614648356255366
YARN-9805,2,0.85541928270269,1,0.0005546311702719806,0.1440260861270381,0.85541928270269
YARN-9748,2,0.6533296820463884,2,0.345902858245246,0.0007674597083655193,0.6533296820463884
YARN-9726,1,0.5376672465100751,2,0.00024981264051968685,0.5376672465100751,0.46208294084940504
YARN-9802,1,0.5059811280945686,2,0.0007674597083654544,0.5059811280945686,0.493251412197066
YARN-9768,0,0.524919034513797,2,0.524919034513797,0.0002498126405197283,0.4748311528456833
YARN-9761,0,0.7655900925550781,2,0.7655900925550781,0.2339343962704091,0.000475511174512678
YARN-9760,0,0.5039418624245067,3,0.5039418624245067,0.2574253140464522,0.2386328235290412
YARN-9746,2,0.9996876464157426,1,0.0001561767921287411,0.0001561767921287411,0.9996876464157426
YARN-9754,0,0.5824111093029751,2,0.5824111093029751,0.41713496423311175,0.0004539264639129718
YARN-9753,1,0.6982520413274925,2,0.0001427959445952117,0.6982520413274925,0.3016051627279124
YARN-9737,1,0.5635557622529415,2,0.4362520409375254,0.5635557622529415,0.0001921968095330379
YARN-9730,0,0.6730594650711197,2,0.6730594650711197,0.32684532403675415,9.521089212608399e-05
YARN-9698,2,0.5802521389569404,2,0.41950413693874544,0.00024372410431401415,0.5802521389569404
YARN-9697,0,0.802877191246644,2,0.802877191246644,0.19694433293682906,0.00017847581652688732
YARN-9686,1,0.5881701676897462,2,0.30096129568935137,0.5881701676897462,0.11086853662090237
YARN-9671,1,0.9274892481882003,1,0.07227835580901094,0.9274892481882003,0.00023239600278881532
YARN-9669,1,0.9998734417515662,1,6.327912421693921e-05,0.9998734417515662,6.327912421693921e-05
YARN-9664,1,0.6938288129937132,2,0.00041614648356235584,0.6938288129937132,0.30575504052272434
YARN-9663,2,0.7130029011812232,2,0.0005254860746193443,0.28647161274415744,0.7130029011812232
YARN-9656,1,0.9450279537123267,1,0.00016121231662104233,0.9450279537123267,0.05481083397105225
YARN-9652,2,0.3653962655827194,3,0.2852703545061315,0.349333379911149,0.3653962655827194
YARN-9634,2,0.699688694656555,2,0.00014486455164426954,0.3001664407918006,0.699688694656555
YARN-9633,2,0.7990758791117364,2,0.0002938583602704761,0.20063026252799304,0.7990758791117364
YARN-9618,0,0.6208819096978144,2,0.6208819096978144,0.00021724961981329396,0.3789008406823721
YARN-9609,2,0.9995352079944223,1,0.00023239600278879041,0.00023239600278879041,0.9995352079944223
YARN-9607,2,0.7443225966885689,2,0.05340441355676102,0.20227298975467012,0.7443225966885689
YARN-9603,0,0.9996080736821478,1,0.9996080736821478,0.00019596315892615198,0.00019596315892615198
YARN-9577,2,0.9987523393636927,1,0.0006238303181536531,0.0006238303181536531,0.9987523393636927
YARN-9555,1,0.5243376519239289,2,0.0002775464890370421,0.5243376519239289,0.4753848015870341
YARN-9528,2,0.9985744832501781,1,0.000712758374910979,0.000712758374910979,0.9985744832501781
YARN-9439,1,0.9983374896093098,1,0.0008312551953451317,0.9983374896093098,0.0008312551953451317
YARN-9499,1,0.7912161297709035,2,0.0002220741727737557,0.7912161297709035,0.2085617960563227
YARN-9477,2,0.6626976473889716,2,0.0003995205753098589,0.3369028320357186,0.6626976473889716
YARN-9473,1,0.9996298352766981,1,0.0001850823616509895,0.9996298352766981,0.0001850823616509895
YARN-9472,0,0.9987523393636928,1,0.9987523393636928,0.0006238303181535362,0.0006238303181535362
YARN-9443,2,0.5356693205720207,2,0.46383142830466395,0.0004992511233152764,0.5356693205720207
YARN-9421,1,0.5119695244481637,2,0.3831868183759124,0.5119695244481637,0.104843657175924
YARN-9416,0,0.7915053852463159,2,0.7915053852463159,0.00034447123665196333,0.20815014351703212
YARN-9414,1,0.9994290608050242,1,0.00028546959748793895,0.9994290608050242,0.00028546959748793895
YARN-9378,1,0.8101806132159323,2,0.00017847581652690868,0.8101806132159323,0.18964091096754088
YARN-9366,2,0.6852869701606833,2,0.0002938583602704062,0.3144191714790463,0.6852869701606833
YARN-9346,2,0.691700678384144,2,0.3077738355412369,0.0005254860746192638,0.691700678384144
YARN-9345,0,0.6821635053886804,2,0.6821635053886804,0.19217126437449428,0.12566523023682521
YARN-9313,1,0.9983374896093098,1,0.0008312551953451201,0.9983374896093098,0.0008312551953451201
YARN-9298,0,0.5802801337775023,2,0.5802801337775023,0.0009066183136900643,0.4188132479088077
YARN-9292,1,0.6817236198069839,2,8.847208705656368e-05,0.6817236198069839,0.31818790810595937
YARN-9287,2,0.546944123327753,2,0.0006653359946777399,0.4523905406775693,0.546944123327753
YARN-9276,1,0.795174716914355,2,0.0003699593044765988,0.795174716914355,0.20445532378116832
YARN-9249,1,0.8853132977128451,1,0.0002562131693569791,0.8853132977128451,0.11443048911779806
YARN-9230,2,0.5797903732603061,2,0.000434216239687539,0.41977541050000633,0.5797903732603061
YARN-9228,1,0.5397444083557881,2,0.00017847581652691204,0.5397444083557881,0.46007711582768496
YARN-9200,1,0.6612867658194395,2,0.33858828103798894,0.6612867658194395,0.00012495314257158038
YARN-9174,1,0.7657841770193241,2,0.0004992511233151691,0.7657841770193241,0.23371657185736067
YARN-9150,2,0.9993339993339992,1,0.00033300033300039323,0.00033300033300039323,0.9993339993339992
YARN-9146,2,0.8711726411663491,1,0.0002126302360196332,0.1286147285976313,0.8711726411663491
YARN-9145,2,0.7335911586463201,2,0.2657850110355263,0.0006238303181535557,0.7335911586463201
YARN-9116,0,0.7094138971724707,2,0.7094138971724707,0.2904595686000207,0.0001265342275085912
YARN-9098,2,0.8162585927984926,2,0.00010985389432060694,0.18363155330718683,0.8162585927984926
YARN-9086,1,0.9991315675206248,1,0.0004342162396875202,0.9991315675206248,0.0004342162396875202
YARN-9059,1,0.99818676337262,1,0.0009066183136900328,0.99818676337262,0.0009066183136900328
YARN-9060,1,0.8751373923051778,1,0.0002271178741767625,0.8751373923051778,0.12463548982064546
YARN-9056,2,0.9993755853886979,1,0.00031220730565103736,0.00031220730565103736,0.9993755853886979
YARN-9055,0,0.6141603870497226,2,0.6141603870497226,0.38572853886386166,0.00011107408641567063
YARN-9050,1,0.6307292823985152,3,0.173091839810616,0.6307292823985152,0.1961788777908687
YARN-9045,1,0.946521848219271,1,0.053285954971195995,0.946521848219271,0.00019219680953305097
YARN-9038,1,0.8514300242731316,1,0.0004992511233151817,0.8514300242731316,0.1480707246035532
YARN-9034,2,0.9981867633726198,1,0.0009066183136901331,0.0009066183136901331,0.9981867633726198
YARN-9023,2,0.6628358595845995,2,0.00010413412475271856,0.3370600062906479,0.6628358595845995
YARN-9021,2,0.9995125517913719,1,0.00024372410431403027,0.00024372410431403027,0.9995125517913719
YARN-9016,2,0.8732616985759244,1,0.03132192832749261,0.09541637309658295,0.8732616985759244
YARN-9015,1,0.9994122832794593,1,0.0002938583602704114,0.9994122832794593,0.0002938583602704114
YARN-9014,1,0.8626805775996245,1,0.00012653422750857825,0.8626805775996245,0.13719288817286682
YARN-9003,1,0.9995835935873412,1,0.00020820320632945378,0.9995835935873412,0.00020820320632945378
YARN-9000,2,0.9277595467210199,1,8.472422265530648e-05,0.07215572905632482,0.9277595467210199
YARN-8993,1,0.999092147072174,1,0.00045392646391291834,0.999092147072174,0.00045392646391291834
YARN-8964,2,0.9995558516544525,1,0.00022207417277373879,0.00022207417277373879,0.9995558516544525
YARN-8982,1,0.6167893682319717,2,0.0006653359946774425,0.6167893682319717,0.3825452957733508
YARN-8962,1,0.9990014977533694,1,0.0004992511233152117,0.9990014977533694,0.0004992511233152117
YARN-8761,2,0.9990489776509743,1,0.000475511174512867,0.000475511174512867,0.9990489776509743
YARN-8981,1,0.9493161314529114,1,9.705910899740613e-05,0.9493161314529114,0.05058680943809114
YARN-8978,1,0.6785773595759316,2,0.3212304436145355,0.6785773595759316,0.0001921968095330241
YARN-8967,0,0.7407792015543461,2,0.7407792015543461,0.0004342162396876159,0.25878658220596634
YARN-8965,1,0.8165755259672212,1,0.06411821026872425,0.8165755259672212,0.11930626376405458
YARN-8953,1,0.9992316557817899,1,0.00038417210910503827,0.9992316557817899,0.00038417210910503827
YARN-8913,1,0.41358607602489095,3,0.21692083090599237,0.41358607602489095,0.3694930930691167
YARN-8890,1,0.9987523393636927,1,0.0006238303181535444,0.9987523393636927,0.0006238303181535444
YARN-8903,1,0.735512081613615,2,0.20064349725419903,0.735512081613615,0.06384442113218601
YARN-8895,2,0.9995352079944222,1,0.00023239600278885566,0.00023239600278885566,0.9995352079944222
YARN-8889,1,0.9993755853886981,1,0.0003122073056510161,0.9993755853886981,0.0003122073056510161
YARN-8887,1,0.9994122832794592,1,0.0002938583602704388,0.9994122832794592,0.0002938583602704388
YARN-8886,2,0.6593051349823807,2,0.0005254860746191354,0.34016937894300026,0.6593051349823807
YARN-8884,1,0.7249171829244895,2,0.2746986449664055,0.7249171829244895,0.00038417210910493614
YARN-8882,1,0.7982713384301005,2,0.20120317549528036,0.7982713384301005,0.0005254860746191073
YARN-8881,1,0.99923165578179,1,0.00038417210910496075,0.99923165578179,0.00038417210910496075
YARN-8880,1,0.7783403678909488,2,0.22130287149542274,0.7783403678909488,0.00035676061362835556
YARN-8863,2,0.7364851676845372,2,0.00020395676116667354,0.2633108755542961,0.7364851676845372
YARN-8862,2,0.7770321540122178,2,0.17485408432538246,0.04811376166239968,0.7770321540122178
YARN-8851,1,0.9633726090211575,1,0.00022207417277382368,0.9633726090211575,0.0364053168060687
YARN-8850,1,0.9966832504145929,1,0.0016583747927035627,0.9966832504145929,0.0016583747927035627
YARN-8849,1,0.560279247164781,2,0.30060789592853093,0.560279247164781,0.13911285690668826
YARN-8848,1,0.9983374896093098,1,0.0008312551953451389,0.9983374896093098,0.0008312551953451389
YARN-8839,1,0.5686410111854561,2,0.0001723246596588805,0.5686410111854561,0.43118666415488505
YARN-8838,2,0.6713459936145022,2,0.0003122073056510642,0.3283417990798467,0.6713459936145022
YARN-8836,1,0.7176980851428016,2,0.28197964608504217,0.7176980851428016,0.00032226877215610735
YARN-8834,2,0.9994122832794591,1,0.0002938583602703945,0.0002938583602703945,0.9994122832794591
YARN-8827,0,0.5674757698031239,2,0.5674757698031239,0.4323927031680716,0.00013152702880445743
YARN-8821,1,0.8175252463840226,2,3.730925642653746e-05,0.8175252463840226,0.18243744435955084
YARN-8820,1,0.9816118521456509,1,0.018243283302704687,0.9816118521456509,0.0001448645516442492
YARN-8811,1,0.6119422123301974,2,0.000356760613628372,0.6119422123301974,0.38770102705617415
YARN-8766,1,0.9983374896093098,1,0.0008312551953451491,0.9983374896093098,0.0008312551953451491
YARN-8765,1,0.9995003747189608,1,0.00024981264051964934,0.9995003747189608,0.00024981264051964934
YARN-8763,1,0.5463005087906261,2,0.00016940538709138523,0.5463005087906261,0.4535300858222825
YARN-8762,1,0.8473818919586033,2,0.0002854695974879527,0.8473818919586033,0.15233263844390868
YARN-8736,1,0.6213093328360546,2,0.00027005130974891987,0.6213093328360546,0.37842061585419645
YARN-8731,1,0.604279862001148,2,0.39522088687553647,0.604279862001148,0.0004992511233153101
YARN-8697,1,0.9995352079944224,1,0.0002323960027888555,0.9995352079944224,0.0002323960027888555
YARN-8696,2,0.5607377068517659,2,0.33285343507875753,0.1064088580694766,0.5607377068517659
YARN-8686,2,0.9372667876493481,1,0.06234904024154698,0.00038417210910496053,0.9372667876493481
YARN-8684,1,0.99923165578179,1,0.0003841721091049515,0.99923165578179,0.0003841721091049515
YARN-8673,2,0.4562860546561597,3,0.3847164904645422,0.1589974548792982,0.4562860546561597
YARN-8670,1,0.5771123405861583,2,0.42274486346924645,0.5771123405861583,0.00014279594459520978
YARN-8643,1,0.6247620764587253,2,0.00014699397324712823,0.6247620764587253,0.37509092956802753
YARN-8651,1,0.8206870444284076,2,0.17905000526919954,0.8206870444284076,0.00026295030239294426
YARN-8639,0,0.9993110575266962,1,0.9993110575266962,0.00034447123665182493,0.00034447123665182493
YARN-8638,1,0.7765816717529256,2,0.00011232168931826813,0.7765816717529256,0.2233060065577561
YARN-8634,2,0.9990489776509747,1,0.0004755111745126703,0.0004755111745126703,0.9990489776509747
YARN-8626,2,0.7078101190461489,2,0.00041614648356235617,0.2917737344702888,0.7078101190461489
YARN-8621,2,0.5689600514036129,3,0.22438751340371185,0.2066524351926752,0.5689600514036129
YARN-8618,2,0.7288245563803765,2,0.18890143326365083,0.08227401035597263,0.7288245563803765
YARN-8599,0,0.5197543858064931,2,0.5197543858064931,0.4798614420844018,0.00038417210910500553
YARN-8598,2,0.5632380786883392,2,0.10489830667715794,0.3318636146345029,0.5632380786883392
YARN-8597,0,0.43576943285461794,3,0.43576943285461794,0.41297849134143955,0.1512520758039425
YARN-8572,2,0.7607919996272245,2,0.0004539264639129518,0.23875407390886244,0.7607919996272245
YARN-8583,2,0.8708813025583784,1,0.00011623852144604756,0.1290024589201756,0.8708813025583784
YARN-8571,2,0.8739138934004288,1,0.00012495314257159125,0.12596115345699954,0.8739138934004288
YARN-8559,2,0.6489026744882758,2,0.35080346715145383,0.00029385836027041233,0.6489026744882758
YARN-8556,0,0.9985744832501781,1,0.9985744832501781,0.0007127583749109627,0.0007127583749109627
YARN-8551,1,0.7642316086731896,1,0.1427245927801999,0.7642316086731896,0.09304379854661057
YARN-8533,1,0.9992600813910468,1,0.0003699593044765547,0.9992600813910468,0.0003699593044765547
YARN-8532,1,0.8531306053050645,1,0.00018857250612866624,0.8531306053050645,0.14668082218880688
YARN-8499,2,0.8238974571067081,2,0.17566832665360432,0.0004342162396874767,0.8238974571067081
YARN-8495,1,0.7030142046516582,2,0.2159534863916941,0.7030142046516582,0.08103230895664763
YARN-8493,0,0.3792467657621064,3,0.3792467657621064,0.34082160538063383,0.27993162885725975
YARN-8489,2,0.6664368040302133,3,0.17620630951139787,0.15735688645838877,0.6664368040302133
YARN-8488,2,0.6836005017783124,2,0.000475511174512715,0.31592398704717484,0.6836005017783124
YARN-8472,1,0.9636920127547086,1,0.00025621316935700935,0.9636920127547086,0.03605177407593444
YARN-8468,0,0.5878899207003033,2,0.5878899207003033,0.41203490828563966,7.51710140570145e-05
YARN-8451,0,0.8030738595548537,1,0.8030738595548537,0.10862508731085195,0.08830105313429447
YARN-8461,1,0.9173923190087296,1,0.08235786835075071,0.9173923190087296,0.0002498126405196746
YARN-8452,1,0.8478209611901086,2,0.15151370281521392,0.8478209611901086,0.0006653359946774485
YARN-8446,1,0.9996668332500416,1,0.00016658337497923304,0.9996668332500416,0.00016658337497923304
YARN-8412,2,0.999092147072174,1,0.00045392646391300117,0.00045392646391300117,0.999092147072174
YARN-8411,2,0.6912108476216864,2,0.30849529401804326,0.00029385836027041927,0.6912108476216864
YARN-8392,1,0.8093636752545108,2,0.0003027550711475225,0.8093636752545108,0.19033356967434167
YARN-8304,2,0.8767476854563808,1,0.04602942843378577,0.07722288610983338,0.8767476854563808
YARN-8379,1,0.522113122290384,2,0.47769468090008305,0.522113122290384,0.000192196809532991
YARN-8364,0,0.5760818024751584,3,0.5760818024751584,0.1978265359753579,0.22609166154948365
YARN-8361,0,0.6012988375884644,2,0.6012988375884644,0.00018508236165097746,0.39851608004988465
YARN-8356,0,0.5481442741460978,2,0.5481442741460978,0.13544782044254824,0.31640790541135405
YARN-8352,0,0.756234425484937,2,0.756234425484937,0.00038417210910494915,0.24338140240595796
YARN-8306,1,0.7377388486061918,2,0.26197568179632047,0.7377388486061918,0.0002854695974879159
YARN-8345,0,0.4879520061132939,3,0.4879520061132939,0.3307771746914648,0.18127081919524124
YARN-8333,1,0.8213499515716951,2,0.0002562131693570329,0.8213499515716951,0.17839383525894784
YARN-8320,1,0.9995655007603736,1,0.00021724961981321693,0.9995655007603736,0.00021724961981321693
YARN-8314,2,0.9624032763009638,1,0.0003122073056510788,0.037284516393385224,0.9624032763009638
YARN-8303,2,0.6409392530958794,2,0.35881093426360094,0.000249812640519652,0.6409392530958794
YARN-8298,2,0.8666761268821284,1,0.0003699593044768526,0.13295391381339483,0.8666761268821284
YARN-8286,1,0.5174829642560849,3,0.23394829691195884,0.5174829642560849,0.2485687388319563
YARN-8283,1,0.6815613536022267,2,0.31834938459289946,0.6815613536022267,8.926180487372484e-05
YARN-8256,2,0.8111418234245861,2,0.18877124273206866,8.693384334524336e-05,0.8111418234245861
YARN-8250,1,0.5061489124282054,2,0.49360127493127504,0.5061489124282054,0.0002498126405196629
YARN-8240,0,0.9966832504145935,1,0.9966832504145935,0.0016583747927032982,0.0016583747927032982
YARN-8238,1,0.99923165578179,1,0.00038417210910496693,0.99923165578179,0.00038417210910496693
YARN-8192,0,0.4343025977741353,3,0.4343025977741353,0.39319789851018727,0.17249950371567735
YARN-8186,2,0.9989490278507618,1,0.0005254860746191128,0.0005254860746191128,0.9989490278507618
YARN-8178,1,0.6323131184376032,2,0.36753988758914957,0.6323131184376032,0.00014699397324712888
YARN-8170,1,0.7656905473935259,2,0.021954392297134608,0.7656905473935259,0.21235506030933957
YARN-8157,2,0.9994598973805021,1,0.0002700513097488834,0.0002700513097488834,0.9994598973805021
YARN-8146,2,0.9985744832501775,1,0.0007127583749112759,0.0007127583749112759,0.9985744832501775
YARN-8137,0,0.9989490278507615,1,0.9989490278507615,0.0005254860746191705,0.0005254860746191705
YARN-8134,0,0.6008947209011642,2,0.6008947209011642,0.39843994310415837,0.0006653359946773796
YARN-8131,2,0.8382308053666954,2,0.000525486074619168,0.1612437085586854,0.8382308053666954
YARN-8104,0,0.5338975975503478,2,0.5338975975503478,0.0008312551953451326,0.46527114725430696
YARN-8103,2,0.5984916974727379,2,0.4009828164526431,0.0005254860746190743,0.5984916974727379
YARN-8100,0,0.5856304021082188,2,0.5856304021082188,0.0006238303181535103,0.4137457675736276
YARN-8092,2,0.5731261197712538,2,0.42634839415412695,0.000525486074619072,0.5731261197712538
YARN-8081,2,0.9984650805832693,1,0.0007674597083653387,0.0007674597083653387,0.9984650805832693
YARN-8080,2,0.5946182594435276,2,9.997000899732527e-05,0.4052817705474751,0.5946182594435276
YARN-7307,1,0.5107136832785429,2,0.00035676061362828037,0.5107136832785429,0.4889295561078287
YARN-8065,0,0.7503631764575966,2,0.7503631764575966,0.24916131236789066,0.0004755111745127433
YARN-8052,2,0.5221872545343745,2,0.41171330487536323,0.06609944059026218,0.5221872545343745
YARN-8042,2,0.9211136623069577,1,0.0001388310426212175,0.07874750665042111,0.9211136623069577
YARN-8038,2,0.9994740993952141,1,0.0002629503023929013,0.0002629503023929013,0.9994740993952141
YARN-8018,2,0.9992316557817902,1,0.0003841721091049408,0.0003841721091049408,0.9992316557817902
YARN-8015,1,0.659980542635735,2,0.33966269675063654,0.659980542635735,0.000356760613628351
YARN-8014,2,0.5748493772019072,2,0.4247164065584052,0.0004342162396875181,0.5748493772019072
YARN-8013,1,0.8604688195008592,1,0.13937252589022442,0.8604688195008592,0.00015865460891643362
YARN-8007,0,0.6405001762103066,2,0.6405001762103066,0.3591298644852167,0.00036995930447654456
YARN-7996,1,0.5419834991855149,2,0.0003027550711475089,0.5419834991855149,0.4577137457433376
YARN-7976,2,0.9985744832501781,1,0.0007127583749109713,0.0007127583749109713,0.9985744832501781
YARN-7974,2,0.6768719012504351,2,0.32277133813593656,0.00035676061362835366,0.6768719012504351
YARN-7972,1,0.5843644678490424,2,0.36231922826192914,0.5843644678490424,0.05331630388902837
YARN-7939,2,0.7253670151862884,2,0.0003222687721560142,0.27431071604155555,0.7253670151862884
YARN-7934,1,0.5350872772743014,3,0.25654102044160876,0.5350872772743014,0.20837170228408983
YARN-7931,2,0.9989490278507618,1,0.0005254860746191022,0.0005254860746191022,0.9989490278507618
YARN-7930,0,0.8332795928223421,2,0.8332795928223421,0.16633623506855283,0.0003841721091049505
YARN-7929,1,0.5572563005799612,2,0.34380101574977373,0.5572563005799612,0.09894268367026504
YARN-7904,1,0.5886430391030649,2,0.0005871990604816905,0.5886430391030649,0.4107697618364533
YARN-7923,2,0.6497410638569084,2,0.09808742977907887,0.25217150636401275,0.6497410638569084
YARN-7900,2,0.4331669151687181,2,0.4274406607021446,0.13939242412913738,0.4331669151687181
YARN-7882,2,0.5029961268547071,2,0.0001537751806858916,0.4968500979646071,0.5029961268547071
YARN-7876,2,0.9992009588493802,1,0.00039952057530990464,0.00039952057530990464,0.9992009588493802
YARN-7871,0,0.8402513762697039,2,0.8402513762697039,0.00043421623968753546,0.15931440749060846
YARN-7863,0,0.9985744832501782,1,0.9985744832501782,0.0007127583749109563,0.0007127583749109563
YARN-7858,0,0.5103638679834885,3,0.5103638679834885,0.31232162801690067,0.17731450399961093
YARN-7856,0,0.6190652096796134,2,0.6190652096796134,0.00036995930447662333,0.38056483101591
YARN-7854,0,0.5954858448705534,3,0.5954858448705534,0.1829594686279542,0.22155468650149232
YARN-7848,2,0.5002299024148803,2,0.00039952057530983866,0.4993705770098099,0.5002299024148803
YARN-7847,1,0.627166873417748,2,0.0003330003330004297,0.627166873417748,0.3725001262492515
YARN-7842,0,0.7136543353936514,2,0.7136543353936514,0.28582017853172914,0.0005254860746193331
YARN-7839,0,0.8820889868849069,1,0.8820889868849069,0.11774160772800173,0.00016940538709135563
YARN-7831,1,0.6836762318815529,2,0.00034447123665181273,0.6836762318815529,0.3159792968817952
YARN-7825,2,0.741652948203297,2,0.0003841721091049362,0.2579628796875981,0.741652948203297
YARN-7812,0,0.788962134194951,2,0.788962134194951,0.2106217193214867,0.00041614648356234413
YARN-7806,0,0.4119855110009771,3,0.4119855110009771,0.33132051067446505,0.25669397832455787
YARN-7606,2,0.9992316557817901,1,0.00038417210910499707,0.00038417210910499707,0.9992316557817901
YARN-7790,0,0.7194659317596527,2,0.7194659317596527,0.16265637140803693,0.11787769683231025
YARN-7778,1,0.8763593816910118,1,0.12345889924665863,0.8763593816910118,0.00018171906232966335
YARN-7774,0,0.5668355348618647,2,0.5668355348618647,0.4329082519687784,0.0002562131693569927
YARN-7724,2,0.9992009588493805,1,0.00039952057530972043,0.00039952057530972043,0.9992009588493805
YARN-7713,2,0.7447484642421537,2,0.25458619976316865,0.0006653359946776626,0.7447484642421537
YARN-7707,1,0.5924977781895897,2,0.0006653359946776422,0.5924977781895897,0.40683688581573263
YARN-7694,1,0.999333999333999,1,0.00033300033300041323,0.999333999333999,0.00033300033300041323
YARN-7686,0,0.5405764517119562,2,0.5405764517119562,0.45925969444567105,0.00016385384237270083
YARN-7672,0,0.6428007412329102,2,0.6428007412329102,0.00024372410431402474,0.35695553466277574
YARN-7670,2,0.9980059820538383,1,0.0009970089730808958,0.0009970089730808958,0.9980059820538383
YARN-7669,2,0.622578294058622,2,0.37670894756646683,0.0007127583749112262,0.622578294058622
YARN-7666,0,0.4181089368646315,3,0.4181089368646315,0.3133885591298366,0.2685025040055319
YARN-7662,1,0.5598573792422961,2,0.06474515215103596,0.5598573792422961,0.37539746860666795
YARN-7660,0,0.7429910673619149,2,0.7429910673619149,0.25662476052898014,0.00038417210910500894
YARN-7657,0,0.9995003747189608,1,0.9995003747189608,0.0002498126405196396,0.0002498126405196396
YARN-7655,1,0.9997802922113587,1,0.00010985389432058618,0.9997802922113587,0.00010985389432058618
YARN-7653,1,0.594174742444895,2,0.40553139919483466,0.594174742444895,0.00029385836027042854
YARN-7033,1,0.6452875301268365,2,0.35425854340925056,0.6452875301268365,0.0004539264639129197
YARN-7643,0,0.9992316557817901,1,0.9992316557817901,0.0003841721091049128,0.0003841721091049128
YARN-7634,0,0.9995125517913722,1,0.9995125517913722,0.00024372410431395785,0.00024372410431395785
YARN-7622,2,0.5993177140807786,2,0.40029811381011643,0.0003841721091049505,0.5993177140807786
YARN-7621,0,0.6553599691730808,2,0.6553599691730808,0.0003222687721561062,0.344317762054763
YARN-7612,0,0.6553738044629007,2,0.6553738044629007,0.3441722690731862,0.0004539264639129951
YARN-7605,2,0.7623810417574861,2,0.00014699397324715048,0.23747196426926667,0.7623810417574861
YARN-7599,2,0.49127688159726446,3,0.2086472945737447,0.30007582382899084,0.49127688159726446
YARN-7583,1,0.6928288440692579,2,0.00034447123665197086,0.6928288440692579,0.3068266846940901
YARN-7540,2,0.9493302716145215,1,0.0001041341247526965,0.05056559426072578,0.9493302716145215
YARN-7530,1,0.9992864787727433,1,0.0003567606136282851,0.9992864787727433,0.0003567606136282851
YARN-7522,1,0.8383665080180077,2,0.16130049164899177,0.8383665080180077,0.0003330003330004671
YARN-7520,0,0.8306224288352296,2,0.8306224288352296,0.16912135799541353,0.00025621316935695964
YARN-7506,1,0.8145474625264016,2,7.998080460692135e-05,0.8145474625264016,0.18537255666899138
YARN-7495,1,0.4625573982168857,3,0.34877967314149105,0.4625573982168857,0.1886629286416232
YARN-7494,1,0.9990489776509744,1,0.00047551117451271317,0.9990489776509744,0.00047551117451271317
YARN-7492,2,0.9971550497866277,1,0.0014224751066861847,0.0014224751066861847,0.9971550497866277
YARN-7481,1,0.9996924496386281,1,0.00015377518068586366,0.9996924496386281,0.00015377518068586366
YARN-7473,0,0.6686789733122678,2,0.6686789733122678,0.3311324541816035,0.00018857250612866995
YARN-7469,0,0.6161581550104546,2,0.6161581550104546,0.38365327248341674,0.00018857250612864534
YARN-7468,1,0.7864056828791929,2,0.21300711806032552,0.7864056828791929,0.0005871990604816055
YARN-7457,1,0.6907487180166927,2,0.17771697941633385,0.6907487180166927,0.13153430256697343
YARN-7441,1,0.9987523393636928,1,0.0006238303181535277,0.9987523393636928,0.0006238303181535277
YARN-7438,1,0.7482809801781637,2,0.2513967510496802,0.7482809801781637,0.00032226877215612296
YARN-7423,2,0.9933993399339929,1,0.003300330033003539,0.003300330033003539,0.9933993399339929
YARN-7419,0,0.9996430483669463,1,0.9996430483669463,0.00017847581652690473,0.00017847581652690473
YARN-7405,1,0.38063765331438965,3,0.3292144550304804,0.38063765331438965,0.29014789165512994
YARN-7399,2,0.8406680917562068,2,6.327912421694806e-05,0.1592686291195762,0.8406680917562068
YARN-7384,2,0.9980059820538378,1,0.000997008973081091,0.000997008973081091,0.9980059820538378
YARN-7376,1,0.5424384928250933,2,0.0004539264639130957,0.5424384928250933,0.4571075807109937
YARN-7368,2,0.9994875736612858,1,0.00025621316935703397,0.00025621316935703397,0.9994875736612858
YARN-7297,1,0.999131567520625,1,0.0004342162396874153,0.999131567520625,0.0004342162396874153
YARN-7292,1,0.7388343919882704,2,0.2610421969294143,0.7388343919882704,0.00012341108231523747
YARN-7282,1,0.9987523393636927,1,0.0006238303181535432,0.9987523393636927,0.0006238303181535432
YARN-7273,1,0.9998230558258868,1,8.847208705654892e-05,0.9998230558258868,8.847208705654892e-05
YARN-7272,2,0.9095699040004448,1,0.0004755111745129907,0.08995458482504227,0.9095699040004448
YARN-7271,2,0.42346262912284693,3,0.16595931567385516,0.410578055203298,0.42346262912284693
YARN-7265,2,0.5719502857588883,2,0.0001586546089164232,0.4278910596321952,0.5719502857588883
YARN-7250,2,0.8488414425280115,2,0.0001315270288044657,0.15102703044318408,0.8488414425280115
YARN-7224,1,0.8876959575077524,1,4.6722422090378516e-05,0.8876959575077524,0.11225732007015726
YARN-7218,2,0.6791228694671765,2,8.69338433452412e-05,0.32079019668947834,0.6791228694671765
YARN-7217,2,0.6627057830390298,2,4.328442193655892e-05,0.33725093253903365,0.6627057830390298
YARN-7215,2,0.9996493073820795,1,0.00017534630896022082,0.00017534630896022082,0.9996493073820795
YARN-7193,2,0.7007140929751681,2,0.00023792529145855065,0.2990479817333733,0.7007140929751681
YARN-7192,2,0.703584604058745,2,0.29599924945769257,0.0004161464835623104,0.703584604058745
YARN-1637,2,0.8607074228380348,1,0.0005254860746193652,0.1387670910873457,0.8607074228380348
YARN-7159,1,0.6348282509499675,2,0.0003222687721560652,0.6348282509499675,0.36484948027787634
YARN-7158,1,0.8715753514106196,1,0.12814710210034344,0.8715753514106196,0.0002775464890370217
YARN-7142,1,0.999092147072174,1,0.0004539264639129375,0.999092147072174,0.0004539264639129375
YARN-7129,1,0.9991677070328752,1,0.0004161464835623629,0.9991677070328752,0.0004161464835623629
YARN-7127,1,0.9966832504145928,1,0.0016583747927036493,0.9966832504145928,0.0016583747927036493
YARN-7117,0,0.999615606380934,1,0.999615606380934,0.00019219680953298958,0.00019219680953298958
YARN-7109,2,0.9960238568588464,1,0.001988071570576848,0.001988071570576848,0.9960238568588464
YARN-7107,0,0.7263550383287246,2,0.7263550383287246,0.20241143236590414,0.07123352930537115
YARN-7097,2,0.9971550497866282,1,0.0014224751066859449,0.0014224751066859449,0.9971550497866282
YARN-7096,2,0.9971550497866282,1,0.0014224751066859449,0.0014224751066859449,0.9971550497866282
YARN-7095,2,0.9971550497866282,1,0.001422475106685927,0.001422475106685927,0.9971550497866282
YARN-7079,1,0.9992864787727433,1,0.00035676061362829734,0.9992864787727433,0.00035676061362829734
YARN-7069,1,0.998574483250178,1,0.0007127583749110453,0.998574483250178,0.0007127583749110453
YARN-7061,2,0.7037191447210895,2,0.2956936562184288,0.0005871990604816313,0.7037191447210895
YARN-7059,2,0.4731580866909865,3,0.3214676393354039,0.20537427397360958,0.4731580866909865
YARN-7055,1,0.6022163528677003,2,0.0009066183136901797,0.6022163528677003,0.3968770288186097
YARN-7054,1,0.9933993399339929,1,0.003300330033003631,0.9933993399339929,0.003300330033003631
YARN-7053,2,0.997785160575858,1,0.001107419712071022,0.001107419712071022,0.997785160575858
YARN-7037,2,0.6026499041351082,2,0.0002126302360196879,0.3971374656288721,0.6026499041351082
YARN-1636,2,0.7575022586083443,2,0.0009066183136903349,0.24159112307796543,0.7575022586083443
YARN-7031,0,0.8574948920557666,1,0.8574948920557666,0.001107419712071578,0.1413976882321619
YARN-7019,1,0.9996080736821478,1,0.00019596315892616767,0.9996080736821478,0.00019596315892616767
YARN-7018,2,0.40856212077969406,3,0.38499676139754513,0.20644111782276078,0.40856212077969406
YARN-7017,1,0.619721098476145,2,0.3294944203136813,0.619721098476145,0.05078448121017368
YARN-7016,1,0.9971550497866277,1,0.001422475106686176,0.9971550497866277,0.001422475106686176
YARN-7010,2,0.997509339975093,1,0.001245330012453544,0.001245330012453544,0.997509339975093
YARN-7006,2,0.8250747496815817,2,0.0003027550711476007,0.17462249524727078,0.8250747496815817
YARN-7005,0,0.598703170933019,2,0.598703170933019,0.37187526676063515,0.02942156230634588
YARN-7004,1,0.5075283778156736,2,0.4923077683419537,0.5075283778156736,0.00016385384237265594
YARN-7003,0,0.7652037178431128,2,0.7652037178431128,0.00017534630896026907,0.2346209358479269
YARN-6963,1,0.5463450490016831,2,0.4533987378289599,0.5463450490016831,0.0002562131693569731
YARN-6960,1,0.5366089384210065,2,0.46332778245477646,0.5366089384210065,6.32791242169377e-05
YARN-1635,2,0.7389382617084307,2,0.0007674597083654905,0.26029427858320386,0.7389382617084307
YARN-6947,0,0.5500264802917049,2,0.5500264802917049,0.4496035604038184,0.00036995930447662723
YARN-6936,2,0.8886498820378574,1,0.06540668608240206,0.045943431879740426,0.8886498820378574
YARN-6915,2,0.9984650805832693,1,0.0007674597083653704,0.0007674597083653704,0.9984650805832693
YARN-6903,1,0.8071979393889794,1,0.08383790108238516,0.8071979393889794,0.10896415952863553
YARN-6896,2,0.8888396716092123,1,0.00047551117451273604,0.110684817216275,0.8888396716092123
YARN-6889,1,0.6611479963771493,2,0.05923547795645555,0.6611479963771493,0.2796165256663952
YARN-6877,2,0.9990014977533698,1,0.0004992511233151293,0.0004992511233151293,0.9990014977533698
YARN-6876,2,0.9989490278507618,1,0.0005254860746191274,0.0005254860746191274,0.9989490278507618
YARN-6875,2,0.9993110575266964,1,0.0003444712366518049,0.0003444712366518049,0.9993110575266964
YARN-6858,0,0.5975438686308788,2,0.5975438686308788,0.0008312551953450921,0.4016248761737762
YARN-6857,0,0.8241844610626159,2,0.8241844610626159,0.0009970089730808277,0.17481852996430325
YARN-6855,2,0.4843692477147821,3,0.2599121479634883,0.25571860432172955,0.4843692477147821
YARN-6848,2,0.6397598033469822,2,0.27805446326867317,0.08218573338434468,0.6397598033469822
YARN-6842,2,0.5678730267723331,2,0.431782501991015,0.00034447123665184987,0.5678730267723331
YARN-6839,2,0.543693545969734,2,0.00043421623968747664,0.4558722377905786,0.543693545969734
YARN-6829,0,0.7355548290273095,2,0.7355548290273095,0.2640609988635854,0.0003841721091050695
YARN-6828,0,0.7513517376241662,2,0.7513517376241662,0.2484522992169077,0.00019596315892616735
YARN-1634,1,0.5042122123945609,2,0.0007674597083653956,0.5042122123945609,0.4950203278970737
YARN-6820,2,0.7908302209289243,2,9.898050084137746e-05,0.2090707985702343,0.7908302209289243
YARN-6791,2,0.7115537201583298,2,0.06092211815523499,0.2275241616864352,0.7115537201583298
YARN-6789,2,0.5193526588299057,2,0.0007674597083653424,0.47987988146172894,0.5193526588299057
YARN-6777,0,0.5671289116528149,2,0.5671289116528149,0.4320398331518398,0.0008312551953453959
YARN-6774,2,0.8139712791217477,2,0.00022207417277375453,0.18580664670547853,0.8139712791217477
YARN-6753,2,0.7849424067974222,2,0.21471312196592598,0.00034447123665191286,0.7849424067974222
YARN-1633,2,0.818300007210582,2,0.0007127583749111753,0.18098723441450684,0.818300007210582
YARN-6734,2,0.9996971073754354,1,0.00015144631228232203,0.00015144631228232203,0.9996971073754354
YARN-6733,2,0.967946275031571,1,0.00018171906232978687,0.0318720059060991,0.967946275031571
YARN-6724,1,0.5643071886000504,2,0.0003122073056510344,0.5643071886000504,0.4353806040942986
YARN-6573,1,0.9989490278507613,1,0.0005254860746192544,0.9989490278507613,0.0005254860746192544
YARN-6704,2,0.9036627626296734,1,0.00030275507114749104,0.09603448229917912,0.9036627626296734
YARN-6691,2,0.9991677070328755,1,0.0004161464835622649,0.0004161464835622649,0.9991677070328755
YARN-6688,0,0.5332200622422362,2,0.5332200622422362,0.0004539264639129007,0.466326011293851
YARN-6679,1,0.6901530082358106,2,0.00047551117451280164,0.6901530082358106,0.3093714805896766
YARN-6671,1,0.6790580081816134,2,0.3201107366230412,0.6790580081816134,0.0008312551953453004
YARN-6670,1,0.7405473529816544,2,0.25746457544776874,0.7405473529816544,0.001988071570576807
YARN-6669,2,0.8577166069129556,1,0.00020820320632941426,0.14207518988071496,0.8577166069129556
YARN-6636,0,0.7327522938241822,2,0.7327522938241822,0.2669147058428175,0.00033300033300037154
YARN-6634,2,0.9993110575266964,1,0.0003444712366518171,0.0003444712366518171,0.9993110575266964
YARN-6612,0,0.5200782656963147,2,0.5200782656963147,0.47849925919699954,0.0014224751066858107
YARN-6626,2,0.7957565256227542,2,0.000217249619813246,0.2040262247574326,0.7957565256227542
YARN-6621,0,0.7940341282563591,2,0.7940341282563591,0.20573347574085213,0.00023239600278885357
YARN-6620,1,0.8001248344894579,2,0.19934967943592294,0.8001248344894579,0.0005254860746191233
YARN-6601,1,0.6171979375837493,2,0.03498984813941659,0.6171979375837493,0.347812214276834
YARN-6599,1,0.9960238568588458,1,0.0019880715705771603,0.9960238568588458,0.0019880715705771603
YARN-6596,0,0.5516920038497055,2,0.5516920038497055,0.4477533649800225,0.0005546311702719154
YARN-6592,1,0.6835198575285035,2,0.31602621600758335,0.6835198575285035,0.0004539264639130299
YARN-6586,1,0.6970090847167164,2,0.00011232168931824454,0.6970090847167164,0.30287859359396535
YARN-6569,0,0.5140948770271495,2,0.5140948770271495,0.48572004061119944,0.00018508236165105574
YARN-6567,1,0.7134357994193109,2,0.2864741348326929,0.7134357994193109,9.006574799609608e-05
YARN-6527,1,0.4738984531913859,3,0.35620751326372885,0.4738984531913859,0.16989403354488528
YARN-6524,1,0.3748517142109393,3,0.36132741003758867,0.3748517142109393,0.26382087575147195
YARN-6521,2,0.8729742742205814,1,0.00035676061362836353,0.1266689651657903,0.8729742742205814
YARN-6511,2,0.6491804403172394,2,0.0002629503023929344,0.35055660938036776,0.6491804403172394
YARN-6507,1,0.9990921470721739,1,0.00045392646391300356,0.9990921470721739,0.00045392646391300356
YARN-6484,2,0.9984650805832692,1,0.0007674597083654188,0.0007674597083654188,0.9984650805832692
YARN-6469,0,0.9986693280106446,1,0.9986693280106446,0.0006653359946777125,0.0006653359946777125
YARN-6466,1,0.7155873674653954,2,0.0005254860746191374,0.7155873674653954,0.2838871464599855
YARN-6462,2,0.46737696747736734,2,0.4370898444103257,0.095533188112307,0.46737696747736734
YARN-6449,1,0.7779519245340522,2,0.00012043839576062714,0.7779519245340522,0.22192763707018723
YARN-6440,0,0.8333521837760904,2,0.8333521837760904,0.16647841083681814,0.00016940538709136758
YARN-6426,2,0.905169601122916,1,0.00032226877215609385,0.09450813010492791,0.905169601122916
YARN-6407,2,0.5614333381086525,2,0.00015865460891644514,0.43840800728243107,0.5614333381086525
YARN-6401,2,0.4831778319473206,3,0.35258847760540263,0.16423369044727673,0.4831778319473206
YARN-6398,1,0.7865366821241887,2,0.0006238303181536196,0.7865366821241887,0.2128394875576576
YARN-6396,2,0.637195865425966,2,0.00021263023601962334,0.3625915043380144,0.637195865425966
YARN-6390,1,0.6228303257296753,2,0.00045392646391299033,0.6228303257296753,0.3767157478064117
YARN-6345,1,0.6652849642866078,2,0.2882100440491101,0.6652849642866078,0.046504991664282166
YARN-6369,1,0.9990014977533694,1,0.0004992511233151782,0.9990014977533694,0.0004992511233151782
YARN-6366,1,0.6512442942386203,2,0.09132923546785224,0.6512442942386203,0.25742647029352755
YARN-6364,1,0.7458566653625611,2,0.253865788148402,0.7458566653625611,0.00027754648903696385
YARN-6358,1,0.9994875736612859,1,0.00025621316935706676,0.9994875736612859,0.00025621316935706676
YARN-6357,2,0.6914224954162462,2,0.00011490290704362937,0.3084626016767101,0.6914224954162462
YARN-6355,2,0.5517786072553261,3,0.18923862464552962,0.25898276809914417,0.5517786072553261
YARN-6347,1,0.6789012571772605,2,0.32084893018222,0.6789012571772605,0.00024981264051969536
YARN-6320,0,0.531546821326515,2,0.531546821326515,0.4683468296359437,0.00010634903754125818
YARN-6314,1,0.5148458125573786,2,0.14155759636565657,0.5148458125573786,0.34359659107696483
YARN-6306,2,0.4635376009832619,3,0.2047653685346807,0.3316970304820574,0.4635376009832619
YARN-6282,0,0.8263015946360589,2,0.8263015946360589,0.00041614648356230846,0.1732822588803788
YARN-6266,1,0.9992316557817901,1,0.00038417210910491614,0.9992316557817901,0.00038417210910491614
YARN-6255,2,0.5579948619516747,2,0.0004992511233151502,0.4415058869250102,0.5579948619516747
YARN-6254,2,0.9990921470721739,1,0.0004539264639130666,0.0004539264639130666,0.9990921470721739
YARN-6234,0,0.8297269531220636,2,0.8297269531220636,0.16988887476883138,0.0003841721091050136
YARN-6224,1,0.9994290608050242,1,0.00028546959748790784,0.9994290608050242,0.00028546959748790784
YARN-6223,1,0.9998425568763283,1,7.87215618358082e-05,0.9998425568763283,7.87215618358082e-05
YARN-6207,0,0.6007339011685228,2,0.6007339011685228,0.0004992511233152205,0.39876684770816206
YARN-6192,1,0.9986693280106452,1,0.0006653359946774198,0.9986693280106452,0.0006653359946774198
YARN-6179,2,0.8281786759172833,2,0.00016940538709141347,0.17165191869562527,0.8281786759172833
YARN-6167,0,0.9993110575266962,1,0.9993110575266962,0.000344471236651803,0.000344471236651803
YARN-6162,2,0.5444792884802745,2,0.0001885725061286622,0.4553321390135969,0.5444792884802745
YARN-6161,1,0.9992600813910467,1,0.0003699593044765634,0.9992600813910467,0.0003699593044765634
YARN-6160,1,0.9992009588493804,1,0.0003995205753097278,0.9992009588493804,0.0003995205753097278
YARN-6137,2,0.9584592408442991,1,0.0002854695974879372,0.04125528955821297,0.9584592408442991
YARN-6127,2,0.8887110415990689,1,0.0003330003330003909,0.11095595806793074,0.8887110415990689
YARN-1474,2,0.3769587632043607,3,0.29939277280260246,0.3236484639930368,0.3769587632043607
YARN-6121,2,0.5482283027118081,2,0.4512462112135726,0.0005254860746191631,0.5482283027118081
YARN-6101,1,0.9142650978975115,1,0.03956854067841209,0.9142650978975115,0.04616636142407635
YARN-6100,2,0.7311835565552683,2,0.0016583747927035083,0.2671580686520282,0.7311835565552683
YARN-6099,2,0.9960238568588464,1,0.0019880715705768064,0.0019880715705768064,0.9960238568588464
YARN-6095,2,0.9990921470721742,1,0.0004539264639128889,0.0004539264639128889,0.9990921470721742
YARN-6080,2,0.9983374896093099,1,0.0008312551953450851,0.0008312551953450851,0.9983374896093099
YARN-6069,2,0.6059499162054387,2,0.0003444712366518403,0.39370561255790953,0.6059499162054387
YARN-6067,2,0.9991315675206249,1,0.000434216239687529,0.000434216239687529,0.9991315675206249
YARN-6058,1,0.5246191303307036,2,0.00021724961981324826,0.5246191303307036,0.4751636200494831
YARN-6045,0,0.6506441787978858,2,0.6506441787978858,0.34909960803275736,0.00025621316935699016
YARN-6043,1,0.7148068525805902,2,0.00011232168931825853,0.7148068525805902,0.28508082573009164
YARN-6040,2,0.589593131059001,2,0.00024372410431398444,0.41016314483668503,0.589593131059001
YARN-6037,2,0.7187260069072691,2,0.28102418045221117,0.00024981264051974426,0.7187260069072691
YARN-6011,2,0.7881032671428493,2,0.001988071570576616,0.20990866128657418,0.7881032671428493
YARN-6008,2,0.6219620621123501,2,0.37787672557102886,0.00016121231662102222,0.6219620621123501
YARN-6005,2,0.6452322990300673,2,0.35386108265624255,0.0009066183136900627,0.6452322990300673
YARN-5990,1,0.9991677070328752,1,0.00041614648356232576,0.9991677070328752,0.00041614648356232576
YARN-5984,2,0.580470029403305,2,0.41911382411313247,0.0004161464835624158,0.580470029403305
YARN-5983,1,0.9997298392543561,1,0.00013508037282188276,0.9997298392543561,0.00013508037282188276
YARN-5972,1,0.9997298392543561,1,0.00013508037282186457,0.9997298392543561,0.00013508037282186457
YARN-5955,0,0.9980059820538381,1,0.9980059820538381,0.0009970089730809769,0.0009970089730809769
YARN-5953,2,0.9975093399750933,1,0.0012453300124533621,0.0012453300124533621,0.9975093399750933
YARN-5952,2,0.8204913709106998,2,0.17851162011621943,0.0009970089730808025,0.8204913709106998
YARN-5949,1,0.5069541111632602,2,0.00045392646391293715,0.5069541111632602,0.4925919623728269
YARN-5940,2,0.7768487837538292,2,0.00035676061362836396,0.22279445563254255,0.7768487837538292
YARN-5932,2,0.7719323274454415,1,0.08122055246647507,0.14684712008808357,0.7719323274454415
YARN-5910,1,0.5912575154359936,2,0.0001469939732471479,0.5912575154359936,0.40859549059075945
YARN-5906,1,0.9237231297837406,1,9.256687957051521e-05,0.9237231297837406,0.07618430333668884
YARN-5905,2,0.48377637717446664,3,0.26374293915364355,0.25248068367188975,0.48377637717446664
YARN-5900,1,0.7101647066479098,2,0.2896568175355633,0.7101647066479098,0.00017847581652691635
YARN-5889,0,0.5187836658998668,3,0.5187836658998668,0.3073821211637748,0.17383421293635848
YARN-5887,0,0.7589411317195164,2,0.7589411317195164,0.21199345237973263,0.029065415900750926
YARN-5886,0,0.7657551665842565,2,0.7657551665842565,0.23401771554156675,0.00022711787417677344
YARN-5883,1,0.5589444071422589,2,0.0003699593044766206,0.5589444071422589,0.44068563355326446
YARN-5881,1,0.5731669628561648,2,0.4265475675463473,0.5731669628561648,0.0002854695974879249
YARN-5872,2,0.5728886334901425,2,0.42658588043523804,0.0005254860746193102,0.5728886334901425
YARN-5869,1,0.9991315675206248,1,0.00043421623968753053,0.9991315675206248,0.00043421623968753053
YARN-5860,0,0.6031673671662408,2,0.6031673671662408,0.39661055866098566,0.00022207417277374057
YARN-5846,1,0.5451720221550104,2,0.3433374025259426,0.5451720221550104,0.11149057531904705
YARN-5832,1,0.9992009588493805,1,0.000399520575309685,0.9992009588493805,0.000399520575309685
YARN-5820,2,0.5489867875674704,2,0.0009970089730812536,0.4500162034594483,0.5489867875674704
YARN-2215,1,0.47262662145182965,3,0.17710340747833941,0.47262662145182965,0.35026997106983104
YARN-5789,1,0.7704213314036091,2,0.00022711787417675907,0.7704213314036091,0.22935155072221422
YARN-5780,2,0.6921133957974375,2,0.0003841721091049651,0.30750243209345757,0.6921133957974375
YARN-5769,2,0.5525029415828412,2,0.0004992511233151181,0.4469978072938438,0.5525029415828412
YARN-5761,0,0.5267107660288671,2,0.5267107660288671,0.0004992511233152148,0.47278998284781776
YARN-5740,2,0.5024370164452607,2,0.00017847581652691841,0.4973845077382123,0.5024370164452607
YARN-5739,2,0.7890458812566697,2,0.00013883104262119492,0.21081528770070912,0.7890458812566697
YARN-5734,0,0.3807273693879334,3,0.3807273693879334,0.2503425872095745,0.3689300434024921
YARN-5732,1,0.9995125517913722,1,0.00024372410431395338,0.9995125517913722,0.00024372410431395338
YARN-5727,1,0.5165312112061052,2,0.00012043839576060619,0.5165312112061052,0.48334835039813423
YARN-5724,0,0.6317640158195325,2,0.6317640158195325,0.0001407855835562787,0.36809519859691137
YARN-5718,0,0.6086015977696928,2,0.6086015977696928,0.00015377518068588686,0.39124462704962143
YARN-5716,0,0.7548650834509504,2,0.7548650834509504,0.0006653359946774575,0.24446958055437218
YARN-5704,1,0.9990489776509744,1,0.00047551117451268617,0.9990489776509744,0.00047551117451268617
YARN-5702,2,0.8814148833618464,1,0.00029385836027041233,0.11829125827788331,0.8814148833618464
YARN-5715,2,0.9343311646912694,1,0.06558552280352341,8.331250520706605e-05,0.9343311646912694
YARN-5708,2,0.508970593138027,2,0.0008312551953450966,0.49019815166662806,0.508970593138027
YARN-5699,1,0.44121439510400423,2,0.14163875388183786,0.44121439510400423,0.4171468510141579
YARN-5692,1,0.7203780777070647,2,0.2793839970014768,0.7203780777070647,0.0002379252914585489
YARN-5683,2,0.5274389394088422,2,3.1945819889477674e-05,0.4725291147712684,0.5274389394088422
YARN-5681,2,0.908105799470358,1,0.0003567606136283576,0.09153743991601372,0.908105799470358
YARN-5677,0,0.5672289706477989,3,0.5672289706477989,0.2630460240966651,0.16972500525553608
YARN-5648,2,0.719121268497849,2,0.0016583747927037258,0.2792203567094474,0.719121268497849
YARN-5673,1,0.7057726017302858,2,5.5856560353034734e-05,0.7057726017302858,0.2941715417093613
YARN-5668,2,0.8179012870615744,2,0.00027754648903709916,0.18182116644938842,0.8179012870615744
YARN-5667,2,0.6792093619926206,2,0.00014078558355628168,0.32064985242382316,0.6792093619926206
YARN-5658,2,0.7335069483784985,2,0.2660935310461917,0.00039952057530975106,0.7335069483784985
YARN-5644,2,0.4796552484251256,3,0.3153252321702694,0.20501951940460497,0.4796552484251256
YARN-5638,2,0.8005730097054069,2,0.19910472152243697,0.00032226877215605807,0.8005730097054069
YARN-5637,1,0.6423827790506351,2,0.09662399262870877,0.6423827790506351,0.2609932283206561
YARN-5606,1,0.7947064032837071,2,0.20513494210737648,0.7947064032837071,0.00015865460891641785
YARN-5636,1,0.804936674522793,2,0.0001723246596588464,0.804936674522793,0.1948910008175482
YARN-5634,1,0.9348236726845136,1,0.06470081614097352,0.9348236726845136,0.0004755111745128295
YARN-5629,2,0.7993122534210035,2,0.0004539264639129411,0.20023382011508356,0.7993122534210035
YARN-5627,2,0.6281064538244222,2,0.00034447123665183637,0.371549074938926,0.6281064538244222
YARN-5626,2,0.6630831555336013,2,0.3366467931566498,0.0002700513097489426,0.6630831555336013
YARN-5605,1,0.9142100800162218,1,0.08526443390915873,0.9142100800162218,0.0005254860746192767
YARN-5619,1,0.5053114155851172,2,0.0001561767921287593,0.5053114155851172,0.4945324076227542
YARN-5618,1,0.7336293261152929,2,0.2660007145802304,0.7336293261152929,0.00036995930447662523
YARN-5612,2,0.5679054320975131,2,0.4313818095275759,0.0007127583749110203,0.5679054320975131
YARN-5611,1,0.5848356696726341,2,0.0006238303181535572,0.5848356696726341,0.4145405000092124
YARN-5593,1,0.8380737603196936,2,0.0002498126405196571,0.8380737603196936,0.16167642703978682
YARN-5590,1,0.9971550497866285,1,0.0014224751066857907,0.9971550497866285,0.0014224751066857907
YARN-5587,1,0.9984650805832692,1,0.0007674597083653889,0.9984650805832692,0.0007674597083653889
YARN-5585,2,0.8602560973632851,1,0.1396204915543996,0.00012341108231521918,0.8602560973632851
YARN-5556,0,0.599784237413575,2,0.599784237413575,0.0003995205753096803,0.3998162420111154
YARN-5547,2,0.7936005524846781,1,0.10979897276155356,0.09660047475376826,0.7936005524846781
YARN-5541,0,0.998890737659456,1,0.998890737659456,0.0005546311702718886,0.0005546311702718886
YARN-5532,1,0.8528786647954555,1,0.00041614648356235183,0.8528786647954555,0.14670518872098215
YARN-5531,2,0.54308828880224,3,0.1849689701344307,0.27194274106332933,0.54308828880224
YARN-5520,0,0.6980406940390275,2,0.6980406940390275,0.20195590828920915,0.1000033976717634
YARN-5519,0,0.5899168876432656,2,0.5899168876432656,0.0007674597083654659,0.40931565264836894
YARN-5518,1,0.6799273166484547,2,0.00018171906232967208,0.6799273166484547,0.31989096428921565
YARN-5517,1,0.9996493073820797,1,0.00017534630896021762,0.9996493073820797,0.00017534630896021762
YARN-5516,1,0.47141499474304344,2,0.11784230748446577,0.47141499474304344,0.41074269777249073
YARN-5505,1,0.9086979778583961,1,0.00031220730565107205,0.9086979778583961,0.09098981483595261
YARN-5457,2,0.6201386591978965,2,0.0009970089730811614,0.3788643318290224,0.6201386591978965
YARN-5501,1,0.7594351488496541,2,0.24042602010772474,0.7594351488496541,0.00013883104262115927
YARN-5479,1,0.4961258049516904,3,0.3217468452690531,0.4961258049516904,0.18212734977925651
YARN-5478,2,0.5860268628358319,2,0.0004992511233151796,0.41347388604085283,0.5860268628358319
YARN-5473,1,0.9988256018790366,1,0.000587199060481595,0.9988256018790366,0.000587199060481595
YARN-5468,1,0.6737385798579943,2,0.3260234948505472,0.6737385798579943,0.00023792529145855095
YARN-5461,1,0.9971550497866282,1,0.001422475106685957,0.9971550497866282,0.001422475106685957
YARN-5452,1,0.754735870909325,2,0.000623830318153522,0.754735870909325,0.2446402987725216
YARN-5426,1,0.9994740993952143,1,0.0002629503023928974,0.9994740993952143,0.0002629503023928974
YARN-5413,2,0.5852823389893135,3,0.23883159562912942,0.17588606538155716,0.5852823389893135
YARN-5412,2,0.605905552169453,3,0.22071686615420139,0.17337758167634568,0.605905552169453
YARN-5411,2,0.5382535311678898,3,0.25689761187242705,0.20484885695968316,0.5382535311678898
YARN-5410,2,0.6656635014725092,2,0.0005546311702719047,0.33378186735721904,0.6656635014725092
YARN-5408,2,0.7342782432637744,2,0.0005871990604816115,0.2651345576757439,0.7342782432637744
YARN-5407,1,0.8395368548022422,2,0.0004539264639129105,0.8395368548022422,0.1600092187338449
YARN-5406,1,0.8677048489601591,1,0.0005254860746191034,0.8677048489601591,0.1317696649652217
YARN-5396,2,0.5049300447661229,2,0.00017232465965886232,0.49489763057421826,0.5049300447661229
YARN-5392,1,0.5692737774534293,3,0.2462798108209946,0.5692737774534293,0.18444641172557613
YARN-5391,2,0.9966832504145912,1,0.0016583747927044594,0.0016583747927044594,0.9966832504145912
YARN-5390,1,0.664060966999369,2,0.0004992511233151945,0.664060966999369,0.3354397818773159
YARN-5357,2,0.623274728272219,2,0.1265188036309493,0.2502064680968316,0.623274728272219
YARN-5387,0,0.8697029617798049,1,0.8697029617798049,0.00016658337497927963,0.13013045484521588
YARN-5386,1,0.9990489776509744,1,0.0004755111745126758,0.9990489776509744,0.0004755111745126758
YARN-5385,1,0.9989490278507616,1,0.0005254860746191117,0.9989490278507616,0.0005254860746191117
YARN-5384,1,0.9990489776509743,1,0.0004755111745127497,0.9990489776509743,0.0004755111745127497
YARN-5366,1,0.5417196945302518,3,0.21007925031164046,0.5417196945302518,0.24820105515810773
YARN-5355,1,0.8289771286488363,2,0.0004992511233152216,0.8289771286488363,0.17052362022784834
YARN-5352,1,0.610650414750622,2,0.2812212855850989,0.610650414750622,0.10812829966427913
YARN-5342,1,0.7668553043118317,2,0.23296934937920813,0.7668553043118317,0.0001753463089602532
YARN-5261,1,0.9991315675206249,1,0.00043421623968747166,0.9991315675206249,0.00043421623968747166
YARN-5330,1,0.8570396824393361,1,0.1425441710771015,0.8570396824393361,0.00041614648356234186
YARN-5329,1,0.8416391958938176,2,0.1579766319970773,0.8416391958938176,0.0003841721091049902
YARN-5328,1,0.876583105359463,1,0.12304693533606034,0.876583105359463,0.00036995930447663114
YARN-5327,1,0.8552414192628801,1,0.14435906016181002,0.8552414192628801,0.0003995205753097409
YARN-5326,1,0.550201551992303,2,0.44952090151866003,0.550201551992303,0.0002775464890369868
YARN-5325,1,0.6184910433132896,2,0.0008312551953452846,0.6184910433132896,0.38067770149136515
YARN-5324,2,0.5057628381232063,2,0.0008312551953452081,0.4934059066814485,0.5057628381232063
YARN-5321,1,0.9983374896093098,1,0.0008312551953451062,0.9983374896093098,0.0008312551953451062
YARN-5307,2,0.9020736064435608,1,0.09751024707287678,0.00041614648356232234,0.9020736064435608
YARN-5304,2,0.7378180406458786,2,0.06785193776131832,0.194330021592803,0.7378180406458786
YARN-5295,0,0.7766002251500362,2,0.7766002251500362,0.22325491029831937,0.00014486455164424268
YARN-5292,2,0.5243610638485701,2,0.0006238303181535454,0.4750151058332765,0.5243610638485701
YARN-5290,0,0.7917766698527494,2,0.7917766698527494,0.20802345007529385,0.0001998800719568543
YARN-5281,1,0.5264887513272649,2,0.00031220730565113467,0.5264887513272649,0.4731990413670838
YARN-5280,1,0.6227389329631061,2,0.0002082032063294342,0.6227389329631061,0.37705286383056436
YARN-5256,2,0.4913651350657528,3,0.19280753038272003,0.3158273345515272,0.4913651350657528
YARN-5255,1,0.5688544662982196,3,0.24723109480930358,0.5688544662982196,0.18391443889247686
YARN-5225,1,0.4704977715995222,3,0.3267683741118893,0.4704977715995222,0.20273385428858853
YARN-5220,0,0.52049492861454,2,0.52049492861454,0.4793874658344779,0.00011760555098203036
YARN-5218,1,0.5419022538193894,2,0.4571007372075296,0.5419022538193894,0.0009970089730811356
YARN-5215,1,0.9991677070328754,1,0.00041614648356225377,0.9991677070328754,0.00041614648356225377
YARN-5211,1,0.7957702807405423,2,0.2039269641883102,0.7957702807405423,0.00030275507114758
YARN-5207,1,0.6337701980415543,2,0.00041614648356234104,0.6337701980415543,0.36581365547488337
YARN-5202,1,0.8403240179873811,1,0.07690855812013694,0.8403240179873811,0.08276742389248185
YARN-5177,1,0.6210670028929052,2,0.00027754648903701356,0.6210670028929052,0.3786554506180577
YARN-5175,2,0.6993148900804296,2,0.0001561767921287521,0.3005289331274417,0.6993148900804296
YARN-5140,1,0.609118833507948,2,0.3215163735913156,0.609118833507948,0.06936479290073652
YARN-5139,1,0.6966680589466248,2,0.3031320609814183,0.6966680589466248,0.00019988007195687407
YARN-5137,1,0.9971550497866276,1,0.0014224751066862465,0.9971550497866276,0.0014224751066862465
YARN-5113,1,0.80588299570417,2,0.19311999532274896,0.80588299570417,0.0009970089730811527
YARN-5086,1,0.9992009588493804,1,0.0003995205753096981,0.9992009588493804,0.0003995205753096981
YARN-5085,1,0.9992009588493804,1,0.0003995205753096981,0.9992009588493804,0.0003995205753096981
YARN-5081,2,0.9992009588493805,1,0.0003995205753097262,0.0003995205753097262,0.9992009588493805
YARN-5079,1,0.9183345727551837,1,8.693384334525025e-05,0.9183345727551837,0.08157849340147101
YARN-5078,1,0.6315130484773979,2,0.36825983364842546,0.6315130484773979,0.00022711787417681114
YARN-5076,2,0.9990489776509747,1,0.00047551117451267316,0.00047551117451267316,0.9990489776509747
YARN-5046,2,0.6340918656740608,2,0.36559592702028787,0.0003122073056511919,0.6340918656740608
YARN-5025,1,0.999444907021926,1,0.0002775464890370265,0.999444907021926,0.0002775464890370265
YARN-5015,1,0.5177928186628143,2,0.48192171173969783,0.5177928186628143,0.00028546959748796975
YARN-5008,2,0.7386052967955782,2,0.2610824958987706,0.0003122073056511018,0.7386052967955782
YARN-4993,2,0.5268266572429078,3,0.2607522275608142,0.2124211151962782,0.5268266572429078
YARN-4985,2,0.7056721266399814,2,0.09102628039877408,0.20330159296124456,0.7056721266399814
YARN-4958,2,0.7498861538387717,2,6.577649148196591e-05,0.25004806966974635,0.7498861538387717
YARN-4966,2,0.6296875405299432,2,0.0005254860746191113,0.36978697339543765,0.6296875405299432
YARN-4963,1,0.5607384201613602,2,0.439029183835851,0.5607384201613602,0.00023239600278883037
YARN-4962,1,0.9994449070219262,1,0.00027754648903695453,0.9994449070219262,0.00027754648903695453
YARN-4952,1,0.580627245481082,2,0.0002271178741767512,0.580627245481082,0.4191456366447413
YARN-4950,1,0.6781089520076499,2,0.32145683175266254,0.6781089520076499,0.0004342162396875219
YARN-4948,2,0.6803179287056753,2,0.1975810570679429,0.12210101422638175,0.6803179287056753
YARN-4945,1,0.7016007998763819,2,0.297873714048999,0.7016007998763819,0.0005254860746190837
YARN-4213,2,0.8306268546656751,2,0.0004161464835623096,0.16895699885076257,0.8306268546656751
YARN-4904,2,0.6467331904982434,2,0.002481389578165767,0.35078541992359075,0.6467331904982434
YARN-4902,1,0.7706079609026047,2,0.0002126302360196618,0.7706079609026047,0.22917940886137564
YARN-4864,1,0.6141280424967018,2,0.25452521367684494,0.6141280424967018,0.13134674382645317
YARN-4889,1,0.8019276260434118,2,0.19761844749267504,0.8019276260434118,0.00045392646391307186
YARN-4888,1,0.7322916757199538,2,0.19181436205247632,0.7322916757199538,0.07589396222756978
YARN-4887,1,0.7306755919860167,2,0.20197892967696301,0.7306755919860167,0.06734547833702033
YARN-4879,1,0.8989522810020686,1,0.00021263023601971853,0.8989522810020686,0.10083508876191184
YARN-4877,2,0.5590940830672566,3,0.2504165679783639,0.19048934895437944,0.5590940830672566
YARN-4876,1,0.4430169422625012,3,0.33049048479988014,0.4430169422625012,0.22649257293761857
YARN-4874,1,0.5707292336269164,2,0.002481389578164095,0.5707292336269164,0.4267893767949195
YARN-4873,0,0.9933993399339932,1,0.9933993399339932,0.0033003300330034543,0.0033003300330034543
YARN-4870,1,0.6669269434264727,2,0.3314146817808241,0.6669269434264727,0.0016583747927032537
YARN-4835,2,0.8833744411762858,1,0.00018857250612863588,0.11643698631758555,0.8833744411762858
YARN-4830,1,0.7288484090200217,2,0.2702449726662884,0.7288484090200217,0.0009066183136899874
YARN-4822,1,0.842312676434857,2,0.1575668851693824,0.842312676434857,0.00012043839576061772
YARN-4793,1,0.5400925596639743,2,7.090689924132801e-05,0.5400925596639743,0.4598365334367844
YARN-4781,1,0.6491744182826783,2,0.3506083320975086,0.6491744182826783,0.00021724961981320996
YARN-4777,2,0.5063969951467329,2,0.49343915101089453,0.0001638538423726664,0.5063969951467329
YARN-4773,2,0.8816487350233629,1,0.11808831467424413,0.00026295030239299185,0.8816487350233629
YARN-4766,2,0.7346931325828984,2,0.2651109042581755,0.00019596315892617225,0.7346931325828984
YARN-4758,1,0.704575506874839,2,0.021484662937728258,0.704575506874839,0.2739398301874326
YARN-4757,2,0.5278942382941797,2,9.997000899734674e-05,0.47200579169682305,0.5278942382941797
YARN-4742,1,0.9984650805832692,1,0.0007674597083654119,0.9984650805832692,0.0007674597083654119
YARN-4752,1,0.7229719920185746,2,0.27675046149238847,0.7229719920185746,0.0002775464890370011
YARN-4737,2,0.6398711004758716,2,0.00043421623968762816,0.3596946832844408,0.6398711004758716
YARN-4730,1,0.5716710521078262,2,0.42823463496187086,0.5716710521078262,9.431293030276404e-05
YARN-4726,1,0.7307820819852362,2,9.705910899740795e-05,0.7307820819852362,0.26912085890576637
YARN-4725,1,0.5545274378954677,2,0.4012715045402942,0.5545274378954677,0.04420105756423813
YARN-4724,1,0.8135877767260492,1,0.13902661619949208,0.8135877767260492,0.04738560707445866
YARN-4719,1,0.4324460491112908,3,0.19967405347950382,0.4324460491112908,0.3678798974092054
YARN-4716,2,0.6269607642251026,2,0.23539084954078027,0.13764838623411715,0.6269607642251026
YARN-4715,2,0.7414783688065523,2,0.00035676061362828476,0.2581648705798195,0.7414783688065523
YARN-4696,0,0.6129284556341118,2,0.6129284556341118,0.0001959631589261909,0.386875581206962
YARN-4692,1,0.6805346591732253,2,0.00018508236165098698,0.6805346591732253,0.31928025846512376
YARN-4683,2,0.6961102223542327,2,0.0005546311702718735,0.3033351464754954,0.6961102223542327
YARN-4676,0,0.7255206878709409,2,0.7255206878709409,0.2281381788586041,0.0463411332704549
YARN-4665,2,0.4880530985422885,3,0.1850143769836817,0.3269325244740298,0.4880530985422885
YARN-4619,1,0.5001743248097983,3,0.3322108170934531,0.5001743248097983,0.1676148580967485
YARN-4611,1,0.5704594903181325,3,0.1618179698968268,0.5704594903181325,0.2677225397850408
YARN-4479,1,0.5617078211329414,2,0.437989423795911,0.5617078211329414,0.0003027550711475627
YARN-4602,1,0.509025170213021,2,0.09061481263202456,0.509025170213021,0.4003600171549545
YARN-4601,1,0.5241908162473774,3,0.2133853801040984,0.5241908162473774,0.26242380364852413
YARN-4600,2,0.5680124759231588,2,0.0005546311702718744,0.4314328929065694,0.5680124759231588
YARN-4599,1,0.99923165578179,1,0.00038417210910495923,0.99923165578179,0.00038417210910495923
YARN-4597,1,0.662859875211987,2,0.33664087366469775,0.662859875211987,0.0004992511233151759
YARN-4595,1,0.6039482941189196,2,0.0002562131693569772,0.6039482941189196,0.39579549271172343
YARN-4591,2,0.5911597311273279,2,0.0003699593044766819,0.40847030956819547,0.5911597311273279
YARN-4561,1,0.8285687514911905,2,0.00022711787417678338,0.8285687514911905,0.1712041306346328
YARN-4578,1,0.7731063969926029,2,0.0004342162396874555,0.7731063969926029,0.22645938676770958
YARN-4576,1,0.6445172614321554,2,0.3382518310034516,0.6445172614321554,0.017230907564393168
YARN-4559,2,0.9981867633726197,1,0.0009066183136901722,0.0009066183136901722,0.9981867633726197
YARN-4553,1,0.9348776599795144,1,0.0648952221463089,0.9348776599795144,0.00022711787417673628
YARN-4523,1,0.6089042272492662,2,0.3905085736902522,0.6089042272492662,0.0005871990604815696
YARN-4537,1,0.8200438006648831,2,0.00029385836027066267,0.8200438006648831,0.17966234097484607
YARN-4515,1,0.766268601584308,2,0.0005546311702718496,0.766268601584308,0.2331767672454202
YARN-4511,1,0.5220907301616592,2,0.4764867947316551,0.5220907301616592,0.0014224751066857525
YARN-3776,1,0.823703479442589,2,0.00039952057530971794,0.823703479442589,0.1758969999821012
YARN-4496,2,0.6579467917654332,2,0.3418450050282373,0.00020820320632947977,0.6579467917654332
YARN-4473,2,0.9993339993339992,1,0.0003330003330003714,0.0003330003330003714,0.9993339993339992
YARN-4471,1,0.5594523496086392,2,0.0005254860746191567,0.5594523496086392,0.4400221643167416
YARN-4466,2,0.5388137502207878,2,0.0005254860746193376,0.4606607637045929,0.5388137502207878
YARN-4349,2,0.8442193245689621,1,0.0915100754221816,0.06427060000885626,0.8442193245689621
YARN-4447,2,0.6250259590037289,2,0.0012453300124539983,0.373728710983817,0.6250259590037289
YARN-4443,2,0.8233704525396885,2,0.17591678908539998,0.0007127583749114788,0.8233704525396885
YARN-4438,2,0.9984650805832689,1,0.0007674597083655964,0.0007674597083655964,0.9984650805832689
YARN-4435,2,0.9991315675206249,1,0.0004342162396875268,0.0004342162396875268,0.9991315675206249
YARN-4433,1,0.7889621688867123,2,0.21083387435212103,0.7889621688867123,0.00020395676116667457
YARN-4425,1,0.8421624196991125,2,0.15761046242671067,0.8421624196991125,0.00022711787417674598
YARN-4420,2,0.515822322964668,2,0.0005546311702720805,0.48362304586506,0.515822322964668
YARN-4417,2,0.8499513364077195,1,0.0003567606136283106,0.14969190297865217,0.8499513364077195
YARN-4412,0,0.43526587425158875,2,0.43526587425158875,0.4296956587164555,0.1350384670319557
YARN-4405,2,0.7282161873752305,2,0.27145081229176915,0.000333000333000407,0.7282161873752305
YARN-4390,1,0.8081147997016505,2,0.19160765380931252,0.8081147997016505,0.0002775464890369688
YARN-4368,2,0.9033572485937469,1,0.0005871990604815749,0.09605555234577141,0.9033572485937469
YARN-4360,1,0.99923165578179,1,0.00038417210910497593,0.99923165578179,0.00038417210910497593
YARN-4353,0,0.7373175557159154,2,0.7373175557159154,0.00019596315892617347,0.2624864811251584
YARN-4335,1,0.7335522723067912,2,0.2659484765698935,0.7335522723067912,0.0004992511233152081
YARN-4333,0,0.5627610559460441,2,0.5627610559460441,0.4370635977449958,0.00017534630896023793
YARN-4276,1,0.5144045849435784,3,0.25154563863055585,0.5144045849435784,0.2340497764258657
YARN-4275,2,0.999487573661286,1,0.0002562131693569413,0.0002562131693569413,0.999487573661286
YARN-4271,1,0.43968949426084186,3,0.30834797165612576,0.43968949426084186,0.2519625340830322
YARN-4266,1,0.811166928557003,1,0.09564274999895252,0.811166928557003,0.09319032144404442
YARN-4265,2,0.6316315976927638,2,0.030526164405391236,0.33784223790184503,0.6316315976927638
YARN-4248,2,0.6751271005284292,2,0.0004755111745127263,0.3243973882970581,0.6751271005284292
YARN-4245,1,0.6404398810654314,2,0.00019219680953305864,0.6404398810654314,0.3593679221250356
YARN-4234,2,0.99818676337262,1,0.0009066183136900214,0.0009066183136900214,0.99818676337262
YARN-4233,2,0.7383547547427506,2,0.0002323960027888402,0.2614128492544606,0.7383547547427506
YARN-4231,2,0.7441712703165485,2,0.25552597461230403,0.00030275507114750573,0.7441712703165485
YARN-4225,0,0.7855050179726618,2,0.7855050179726618,0.21307250692065247,0.0014224751066857842
YARN-4224,2,0.9980059820538384,1,0.0009970089730808142,0.0009970089730808142,0.9980059820538384
YARN-4221,2,0.999394489857705,1,0.00030275507114749977,0.00030275507114749977,0.999394489857705
YARN-4219,2,0.8662850321484253,1,0.0003567606136283303,0.13335820723794636,0.8662850321484253
YARN-4205,1,0.8302026813653588,2,0.16941314652553616,0.8302026813653588,0.00038417210910501876
YARN-4199,2,0.5187263119600175,2,0.48105161386720874,0.00022207417277382877,0.5187263119600175
YARN-4197,0,0.6544011030228517,2,0.6544011030228517,0.34516468073746076,0.00043421623968751546
YARN-4195,1,0.6097515732014525,2,0.3897229407239284,0.6097515732014525,0.0005254860746191016
YARN-4194,1,0.6457902607522166,2,0.35354440325310593,0.6457902607522166,0.0006653359946774694
YARN-4193,1,0.6649945762162401,2,0.3346212516746548,0.6649945762162401,0.00038417210910498325
YARN-4189,1,0.6346953624664708,2,0.3652271361772555,0.6346953624664708,7.750135627375127e-05
YARN-4186,2,0.5382184332955618,2,0.000499251123315121,0.46128231558112304,0.5382184332955618
YARN-4181,1,0.6404433803514262,2,0.35940284446788795,0.6404433803514262,0.0001537751806858755
YARN-4176,0,0.9157728037321557,1,0.9157728037321557,0.0002562131693570883,0.08397098309848716
YARN-4166,1,0.9977851605758582,1,0.0011074197120709026,0.9977851605758582,0.0011074197120709026
YARN-4162,1,0.4233582368921008,3,0.3161401005369995,0.4233582368921008,0.26050166257089974
YARN-4161,1,0.5378622399203589,2,0.4618879474391216,0.5378622399203589,0.00024981264051965617
YARN-4132,0,0.818530711969229,2,0.818530711969229,0.0003995205753098404,0.1810697674554611
YARN-4129,2,0.591184839327692,3,0.22424582081654632,0.18456933985576185,0.591184839327692
YARN-4125,0,0.46542075437356095,2,0.46542075437356095,0.4461809956737059,0.08839824995273313
YARN-4117,1,0.5653043938987098,2,0.0003699593044766074,0.5653043938987098,0.4343256467968136
YARN-4108,1,0.8341825598299892,2,0.1656175600980539,0.8341825598299892,0.00019988007195686418
YARN-4097,2,0.8173785988049912,1,0.03295618902986547,0.14966521216514334,0.8173785988049912
YARN-4094,2,0.6000169022291417,2,0.0001514463122823415,0.3998316514585759,0.6000169022291417
YARN-4093,0,0.5881531760779241,2,0.5881531760779241,0.00039952057530976104,0.4114473033467662
YARN-4091,1,0.4772471097405092,2,0.40933072293703215,0.4772471097405092,0.1134221673224586
YARN-4088,0,0.5264280886542071,2,0.5264280886542071,0.47342272441456795,0.00014918693122487924
YARN-4080,1,0.8474088924099301,1,0.0734716548886485,0.8474088924099301,0.07911945270142137
YARN-4077,1,0.7479773869147003,2,0.2517198580141523,0.7479773869147003,0.0003027550711475364
YARN-4075,2,0.998752339363693,1,0.0006238303181535029,0.0006238303181535029,0.998752339363693
YARN-4074,2,0.9992009588493806,1,0.00039952057530969485,0.00039952057530969485,0.9992009588493806
YARN-4070,2,0.9990014977533697,1,0.0004992511233151859,0.0004992511233151859,0.9990014977533697
YARN-4062,2,0.9988256018790367,1,0.000587199060481658,0.000587199060481658,0.9988256018790367
YARN-4061,2,0.9983374896093096,1,0.0008312551953452246,0.0008312551953452246,0.9983374896093096
YARN-4059,1,0.6562254573494539,2,0.34366819361300477,0.6562254573494539,0.00010634903754123319
YARN-4056,0,0.6025632164067669,2,0.6025632164067669,0.3971667322834842,0.0002700513097489705
YARN-4041,2,0.47214233163657776,2,0.4087533222697565,0.11910434609366577,0.47214233163657776
YARN-4039,1,0.7270721791956365,2,0.2728757456077797,0.7270721791956365,5.207519658388119e-05
YARN-4024,1,0.5297590983279455,2,0.46984138109674456,0.5297590983279455,0.000399520575309748
YARN-4023,1,0.8658238155861028,1,0.0011074197120710264,0.8658238155861028,0.13306876470182616
YARN-4014,2,0.8331174422711307,2,0.0007127583749109699,0.16616979935395837,0.8331174422711307
YARN-4012,0,0.6580786450223608,2,0.6580786450223608,0.34146742851372613,0.00045392646391298073
YARN-4007,1,0.6813109033227498,2,0.00043421623968745106,0.6813109033227498,0.3182548804375628
YARN-3998,1,0.6775985336940493,2,0.14727792287266786,0.6775985336940493,0.17512354343328276
YARN-3997,1,0.8378734190518998,1,0.1465052055967976,0.8378734190518998,0.015621375351302475
YARN-3983,1,0.8809062924280325,1,0.0976782229440445,0.8809062924280325,0.02141548462792289
YARN-3981,2,0.9995747395279607,1,0.00021263023601961344,0.00021263023601961344,0.9995747395279607
YARN-3980,1,0.5445607203893111,2,0.45496376843617614,0.5445607203893111,0.0004755111745127311
YARN-3955,0,0.48225918948849833,3,0.48225918948849833,0.3043318727041728,0.213408937807329
YARN-3970,1,0.7286275533244215,2,0.1065961795536533,0.7286275533244215,0.16477626712192514
YARN-3969,1,0.588161041638903,2,0.4115362032899495,0.588161041638903,0.0003027550711476605
YARN-3964,1,0.36231050404946913,3,0.3215107553768474,0.36231050404946913,0.31617874057368356
YARN-3698,2,0.7146477121039978,2,0.0004755111745128695,0.2848767767214894,0.7146477121039978
YARN-3935,2,0.7551956116459484,2,0.15343560886933882,0.09136877948471275,0.7551956116459484
YARN-3942,2,0.7521515370834516,2,0.0002775464890370262,0.2475709164275113,0.7521515370834516
YARN-3929,2,0.9995655007603735,1,0.00021724961981321874,0.00021724961981321874,0.9995655007603735
YARN-3928,1,0.5554725179591247,2,0.0003995205753097124,0.5554725179591247,0.44412796146556566
YARN-3927,2,0.39953353620661997,3,0.38105987499373684,0.21940658879964325,0.39953353620661997
YARN-3926,1,0.9469377466146034,1,0.00012815583749845754,0.9469377466146034,0.05293409754789811
YARN-3923,0,0.5841165980787182,2,0.5841165980787182,0.30971727961099754,0.10616612231028427
YARN-3922,0,0.7004262756119531,2,0.7004262756119531,0.2091745004921317,0.09039922389591516
YARN-3920,1,0.8073359517510302,2,0.1924203241446557,0.8073359517510302,0.00024372410431400845
YARN-3914,2,0.8057506963868333,2,0.00021263023601964637,0.19403667337714717,0.8057506963868333
YARN-3904,2,0.999412283279459,1,0.00029385836027045727,0.00029385836027045727,0.999412283279459
YARN-3901,2,0.8637927425233433,1,0.13606842643403552,0.00013883104262118532,0.8637927425233433
YARN-3895,2,0.9981867633726198,1,0.0009066183136901013,0.0009066183136901013,0.9981867633726198
YARN-3887,1,0.6776869171583321,2,0.32183757166715526,0.6776869171583321,0.0004755111745126637
YARN-3870,1,0.9335057504919693,1,0.041378859566625625,0.9335057504919693,0.025115389941405105
YARN-3867,1,0.6693591659152976,2,0.3299754980900249,0.6693591659152976,0.0006653359946774494
YARN-3866,1,0.8915004465276448,1,0.1081665531393547,0.8915004465276448,0.00033300033300040933
YARN-3864,2,0.9991677070328755,1,0.0004161464835622503,0.0004161464835622503,0.9991677070328755
YARN-3863,2,0.8028046676457149,2,0.1968508611176331,0.00034447123665196934,0.8028046676457149
YARN-3851,1,0.8861468008536664,1,0.031302631991103544,0.8861468008536664,0.08255056715523022
YARN-3822,2,0.4832977878594804,3,0.360142381969816,0.15655983017070346,0.4832977878594804
YARN-3818,2,0.6159285902141645,2,0.3836371935461479,0.0004342162396875817,0.6159285902141645
YARN-3817,2,0.7778508800558254,2,0.04407917538818468,0.17806994455598998,0.7778508800558254
YARN-3816,2,0.6667045960590346,2,0.05906155434607498,0.27423384959489033,0.6667045960590346
YARN-3815,2,0.7938111753672815,2,0.20605729760391406,0.00013152702880444845,0.7938111753672815
YARN-3808,1,0.5163793429010943,2,0.4834594447822847,0.5163793429010943,0.0001612123166210223
YARN-3807,1,0.5012040611877577,2,0.4986884466054272,0.5012040611877577,0.00010749220681503274
YARN-3806,1,0.7699893521395621,2,0.22993002220535438,0.7699893521395621,8.06256550834615e-05
YARN-3773,1,0.999677575366758,1,0.00016121231662103155,0.999677575366758,0.00016121231662103155
YARN-3772,2,0.857572074119551,1,0.1421503793914121,0.00027754648903698543,0.857572074119551
YARN-3739,0,0.6044308681052885,2,0.6044308681052885,0.3950436458200923,0.0005254860746190809
YARN-3736,0,0.5679740730415759,2,0.5679740730415759,0.0004755111745129309,0.4315504157839111
YARN-3719,1,0.9993110575266962,1,0.0003444712366518319,0.9993110575266962,0.0003444712366518319
YARN-3718,1,0.9996493073820796,1,0.0001753463089602324,0.9996493073820796,0.0001753463089602324
YARN-3692,2,0.8911956701794144,1,0.10866153387599041,0.0001427959445952194,0.8911956701794144
YARN-3691,1,0.8901291408657516,1,0.10948668702514346,0.8901291408657516,0.0003841721091049791
YARN-3684,2,0.6346978504641797,2,0.06992509653779921,0.2953770529980211,0.6346978504641797
YARN-3680,1,0.5079574979240219,3,0.3407253851695135,0.5079574979240219,0.15131711690646465
YARN-3623,2,0.7810066787964585,2,0.00024372410431400363,0.21874959709922745,0.7810066787964585
YARN-3673,2,0.7588922258325319,1,0.11076903926712507,0.1303387349003431,0.7588922258325319
YARN-3672,2,0.9988907376594564,1,0.0005546311702718496,0.0005546311702718496,0.9988907376594564
YARN-3671,2,0.8940635867048576,1,0.1052236549202314,0.0007127583749110667,0.8940635867048576
YARN-3666,2,0.7116816316833756,2,0.00026295030239294415,0.28805541801423146,0.7116816316833756
YARN-3665,2,0.6848211920035779,2,0.08225597606710329,0.23292283192931873,0.6848211920035779
YARN-3664,2,0.760184152150499,2,0.23929036177488192,0.0005254860746191385,0.760184152150499
YARN-3663,2,0.9986693280106453,1,0.0006653359946773716,0.0006653359946773716,0.9986693280106453
YARN-3662,2,0.892322557917827,1,0.10734444174917257,0.0003330003330004328,0.892322557917827
YARN-3661,2,0.9991315675206252,1,0.0004342162396874189,0.0004342162396874189,0.9991315675206252
YARN-3660,2,0.6173612151694688,2,0.38236123834149416,0.00027754648903704436,0.6173612151694688
YARN-3659,2,0.9988907376594562,1,0.0005546311702718685,0.0005546311702718685,0.9988907376594562
YARN-3656,1,0.7577688705956233,2,0.24204255689824816,0.7577688705956233,0.00018857250612866965
YARN-3637,2,0.5852130377745901,2,0.00014078558355628396,0.4146461766418536,0.5852130377745901
YARN-3636,2,0.7651687253275506,2,0.0697680241374789,0.1650632505349704,0.7651687253275506
YARN-3632,1,0.6798046169589542,2,0.3198254237365692,0.6798046169589542,0.00036995930447657226
YARN-3622,1,0.4998039937619333,2,0.000554631170271917,0.4998039937619333,0.49964137506779477
YARN-3616,0,0.4250718756544742,3,0.4250718756544742,0.3169076779971198,0.258020446348406
YARN-3611,1,0.7368807886807482,2,9.171787581404507e-05,0.7368807886807482,0.2630274934434376
YARN-3595,2,0.5962426596297552,2,0.05070470784695244,0.3530526325232923,0.5962426596297552
YARN-3588,2,0.861083522825489,1,0.00031220730565109737,0.13860426986885993,0.861083522825489
YARN-3557,1,0.7984338962541346,2,0.20132237964155142,0.7984338962541346,0.0002437241043139843
YARN-3542,1,0.9990921470721741,1,0.0004539264639129032,0.9990921470721741,0.0004539264639129032
YARN-3534,1,0.9989490278507616,1,0.0005254860746191293,0.9989490278507616,0.0005254860746191293
YARN-3510,1,0.780687950778882,2,0.2190419979113691,0.780687950778882,0.0002700513097489418
YARN-3508,0,0.4495566896249501,3,0.4495566896249501,0.3912979713947929,0.15914533898025698
YARN-3500,1,0.9994449070219261,1,0.00027754648903697274,0.9994449070219261,0.00027754648903697274
YARN-3499,1,0.9993554624556878,1,0.0003222687721560524,0.9993554624556878,0.0003222687721560524
YARN-3490,1,0.6556339540007102,2,0.08772282074155587,0.6556339540007102,0.25664322525773386
YARN-3488,2,0.7052529067700803,2,0.00012341108231523452,0.2946236821476045,0.7052529067700803
YARN-3482,1,0.4754032416179699,3,0.36548579336385856,0.4754032416179699,0.1591109650181716
YARN-3481,0,0.5914032126786678,2,0.5914032126786678,0.40824002670770376,0.0003567606136283829
YARN-3474,0,0.7351973905120637,2,0.7351973905120637,0.00011359763716918885,0.26468901185076715
YARN-3448,2,0.6584248187353672,2,0.03800774338267535,0.3035674378819575,0.6584248187353672
YARN-3445,0,0.5958294475173858,2,0.5958294475173858,0.0002938583602704152,0.40387669412234384
YARN-3443,1,0.6190168129135345,2,4.463687898943515e-05,0.6190168129135345,0.38093855020747613
YARN-3440,2,0.5450388211421269,3,0.1501688519205268,0.3047923269373463,0.5450388211421269
YARN-3418,2,0.3869699499943022,3,0.26618495419944876,0.34684509580624895,0.3869699499943022
YARN-3417,1,0.38933796674858984,3,0.31350109452177327,0.38933796674858984,0.2971609387296369
YARN-3411,2,0.6830987555131263,2,0.0002498126405197705,0.31665143184635397,0.6830987555131263
YARN-3402,2,0.9503282745053363,1,0.00033300033300053114,0.04933872516166316,0.9503282745053363
YARN-3401,2,0.9996080736821477,1,0.0001959631589261553,0.0001959631589261553,0.9996080736821477
YARN-3391,2,0.8900149602039535,1,0.10978515972408964,0.000199880071956881,0.8900149602039535
YARN-3378,1,0.5133565948779049,2,0.0003027550711475601,0.5133565948779049,0.4863406500509477
YARN-3374,2,0.5073849896382373,2,0.00041614648356233606,0.49219886387820044,0.5073849896382373
YARN-3373,1,0.5417720529173571,2,0.00026295030239298784,0.5417720529173571,0.4579649967802498
YARN-3372,2,0.4351804550124913,3,0.22089011845063536,0.34392942653687336,0.4351804550124913
YARN-3368,1,0.687800875172331,2,0.0003122073056510897,0.687800875172331,0.31188691752201775
YARN-3366,1,0.9991315675206248,1,0.0004342162396875044,0.9991315675206248,0.0004342162396875044
YARN-3365,1,0.4623478945784205,3,0.1692426227047427,0.4623478945784205,0.36840948271683693
YARN-3361,1,0.5304922570714553,2,0.4693465306119238,0.5304922570714553,0.00016121231662101276
YARN-3354,0,0.5332529426438489,2,0.5332529426438489,0.46656858153962427,0.00017847581652688928
YARN-3345,1,0.8472908487632775,2,0.15215452006645047,0.8472908487632775,0.0005546311702719056
YARN-3332,1,0.8118268240445637,2,0.1879605457194167,0.8118268240445637,0.00021263023601966757
YARN-3319,1,0.7393273315947795,1,0.13059077329128085,0.7393273315947795,0.13008189511393964
YARN-3318,0,0.5797467743077588,2,0.5797467743077588,0.4190078956797878,0.0012453300124534534
YARN-3317,1,0.6205920842892946,2,0.0003222687721561238,0.6205920842892946,0.3790856469385493
YARN-3307,0,0.5039816331310477,2,0.5039816331310477,0.4955644404050393,0.00045392646391304253
YARN-3306,1,0.5366960864013987,2,0.46316312801504483,0.5366960864013987,0.00014078558355628922
YARN-3299,2,0.7234925127447783,2,0.15200210398801622,0.12450538326720556,0.7234925127447783
YARN-3250,2,0.6687221971601536,2,0.000399520575309678,0.33087828226453664,0.6687221971601536
YARN-3245,1,0.5763203107043511,2,0.4234021428066119,0.5763203107043511,0.0002775464890369993
YARN-3212,0,0.6938947446830818,2,0.6938947446830818,0.00023239600278882533,0.30587285931412944
YARN-3242,2,0.699026661832445,2,0.3008610164782368,0.00011232168931823044,0.699026661832445
YARN-3235,0,0.9933993399339933,1,0.9933993399339933,0.0033003300330033836,0.0033003300330033836
YARN-3233,2,0.5356056503709683,2,0.4634877313153417,0.000906618313690067,0.5356056503709683
YARN-3228,0,0.3627341989274965,3,0.3627341989274965,0.3252201311794649,0.31204566989303856
YARN-3214,1,0.5740864956693762,2,0.42571754117169763,0.5740864956693762,0.00019596315892615558
YARN-3208,2,0.9985744832501778,1,0.0007127583749110824,0.0007127583749110824,0.9985744832501778
YARN-3194,0,0.8296482365823619,2,0.8296482365823619,0.17024975382873678,0.00010200958890139399
YARN-3172,2,0.673391483188611,2,0.0002775464890369664,0.326330970322352,0.673391483188611
YARN-3167,2,0.883159258084834,1,0.00029385836027040376,0.1165468835548956,0.883159258084834
YARN-3166,2,0.7137830919139728,2,0.00014486455164429348,0.2860720435343828,0.7137830919139728
YARN-3148,2,0.853193214794049,1,0.0002700513097489376,0.14653673389620206,0.853193214794049
YARN-3139,2,0.7191262292119365,2,0.0004755111745128319,0.28039825961355064,0.7191262292119365
YARN-3135,2,0.6457860720442379,2,0.0001885725061286694,0.35402535544963337,0.6457860720442379
YARN-3127,0,0.49793953633852195,2,0.49793953633852195,0.06498858094241422,0.43707188271906383
YARN-3125,2,0.5703783948141199,2,0.0004992511233152323,0.42912235406256477,0.5703783948141199
YARN-3119,1,0.966946731915492,1,0.00022207417277381953,0.966946731915492,0.03283119391173425
YARN-3118,2,0.5114359285490402,2,0.00035676061362836564,0.4882073108373315,0.5114359285490402
YARN-3115,2,0.5780499652187326,2,0.4216724882922303,0.00027754648903700673,0.5780499652187326
YARN-3104,2,0.7196278490678354,2,0.2802251569589174,0.0001469939732471524,0.7196278490678354
YARN-3100,2,0.9301404162649178,1,0.06964695349906257,0.00021263023601969202,0.9301404162649178
YARN-3098,0,0.6923394586262115,2,0.6923394586262115,0.3073483340681376,0.00031220730565102836
YARN-3093,2,0.6470163410401776,2,0.102336409317119,0.2506472496427035,0.6470163410401776
YARN-3092,1,0.5652037041126219,2,0.43459641581542136,0.5652037041126219,0.0001998800719568668
YARN-3091,2,0.6188830486692382,2,0.38088455532797294,0.00023239600278883077,0.6188830486692382
YARN-3076,0,0.5062978847907406,2,0.5062978847907406,0.0016583747927034378,0.4920437404165561
YARN-3068,2,0.5516399594619283,2,8.262414277456466e-05,0.4482774163952972,0.5516399594619283
YARN-3054,1,0.8836817755398418,1,0.11613974864363136,0.8836817755398418,0.00017847581652690418
YARN-3053,2,0.7024751063447247,2,0.00036995930447672893,0.29715493435079865,0.7024751063447247
YARN-3052,2,0.8550072503256297,1,0.00041614648356236376,0.14457660319080792,0.8550072503256297
YARN-3051,2,0.9990921470721742,1,0.00045392646391291395,0.00045392646391291395,0.9990921470721742
YARN-3050,2,0.9985744832501782,1,0.0007127583749109583,0.0007127583749109583,0.9985744832501782
YARN-3049,2,0.9988907376594562,1,0.0005546311702718873,0.0005546311702718873,0.9988907376594562
YARN-3048,2,0.9992864787727432,1,0.00035676061362837166,0.00035676061362837166,0.9992864787727432
YARN-3047,2,0.9991677070328755,1,0.0004161464835622702,0.0004161464835622702,0.9991677070328755
YARN-3045,2,0.6076166912725264,2,0.39190779755296096,0.0004755111745126518,0.6076166912725264
YARN-3044,2,0.7098103222970247,2,0.28963504653270356,0.0005546311702718145,0.7098103222970247
YARN-3043,2,0.9988256018790369,1,0.0005871990604815833,0.0005871990604815833,0.9988256018790369
YARN-3042,2,0.6865638270851753,2,0.0003330003330004276,0.3131031725818243,0.6865638270851753
YARN-3041,2,0.9992600813910468,1,0.0003699593044765698,0.0003699593044765698,0.9992600813910468
YARN-3040,2,0.7443644238544911,2,0.0002938583602704343,0.25534171778523845,0.7443644238544911
YARN-3039,2,0.9111396670519285,1,0.08849037364359484,0.0003699593044765714,0.9111396670519285
YARN-3038,2,0.7943937804094124,2,0.2053432692881945,0.0002629503023929726,0.7943937804094124
YARN-3037,2,0.9991315675206252,1,0.000434216239687421,0.000434216239687421,0.9991315675206252
YARN-3036,2,0.8645304700092895,1,0.0004539264639130777,0.13501560352679742,0.8645304700092895
YARN-3034,2,0.9162043063296739,1,0.0006238303181535481,0.08317186335217244,0.9162043063296739
YARN-3033,2,0.5461787977081068,2,0.1359020132067137,0.3179191890851794,0.5461787977081068
YARN-3032,2,0.9992316557817901,1,0.0003841721091049557,0.0003841721091049557,0.9992316557817901
YARN-3031,2,0.9993755853886979,1,0.0003122073056510426,0.0003122073056510426,0.9993755853886979
YARN-3030,2,0.999355462455688,1,0.00032226877215602793,0.00032226877215602793,0.999355462455688
YARN-3026,0,0.5368420989687068,2,0.5368420989687068,0.46293078315711644,0.00022711787417677428
YARN-3025,2,0.53840267165667,3,0.24019134605581413,0.22140598228751587,0.53840267165667
YARN-3003,0,0.6078241476434049,2,0.6078241476434049,0.000399520575309763,0.3917763317812854
YARN-2995,1,0.809966528159445,2,0.18972126453490398,0.809966528159445,0.0003122073056510442
YARN-2986,1,0.6623197134293134,2,0.21241757233190742,0.6623197134293134,0.12526271423877924
YARN-2980,2,0.5408013331081883,3,0.2529586943391087,0.20623997255270285,0.5408013331081883
YARN-2969,1,0.9991677070328753,1,0.00041614648356228163,0.9991677070328753,0.00041614648356228163
YARN-2967,1,0.7687984352104834,2,0.23078541830595414,0.7687984352104834,0.000416146483562292
YARN-2966,1,0.9989490278507616,1,0.0005254860746191137,0.9989490278507616,0.0005254860746191137
YARN-2965,1,0.7906440775430329,2,0.2088012912866951,0.7906440775430329,0.0005546311702718865
YARN-2885,0,0.640473991139091,2,0.640473991139091,0.35920374008875294,0.00032226877215603953
YARN-2948,2,0.8303329300538604,2,9.801038910128195e-05,0.16956905955703816,0.8303329300538604
YARN-2947,1,0.4772053240911044,2,0.04808182064531291,0.4772053240911044,0.47471285526358264
YARN-2942,2,0.6982346792580693,2,0.138199999555664,0.16356532118626677,0.6982346792580693
YARN-2928,1,0.7482837660320064,2,0.0003567606136283499,0.7482837660320064,0.25135947335436515
YARN-2926,1,0.759742256533092,2,0.0007674597083654276,0.759742256533092,0.23949028375854262
YARN-2923,0,0.8393498432888981,2,0.8393498432888981,0.0003122073056509908,0.1603379494054509
YARN-2916,2,0.8356842169682963,2,0.0003567606136283935,0.1639590224180754,0.8356842169682963
YARN-2915,1,0.6917674684978653,2,0.0003330003330004142,0.6917674684978653,0.3078995311691343
YARN-2884,0,0.5324782809175119,3,0.5324782809175119,0.20973711330520128,0.2577846057772868
YARN-2903,2,0.7857571569024782,2,0.0003444712366518139,0.21389837186087005,0.7857571569024782
YARN-2895,1,0.6003548647711833,2,0.39926096311971176,0.6003548647711833,0.00038417210910502385
YARN-2888,1,0.5652712402491666,2,0.43447254658147627,0.5652712402491666,0.0002562131693569898
YARN-2887,0,0.5513247032538372,2,0.5513247032538372,0.4483422964131622,0.0003330003330005191
YARN-2883,0,0.6324657635156777,2,0.6324657635156777,0.3672566899952854,0.0002775464890369715
YARN-2882,0,0.9993755853886982,1,0.9993755853886982,0.00031220730565098965,0.00031220730565098965
YARN-2879,2,0.8430745611214482,2,9.997000899734007e-05,0.1568254688695545,0.8430745611214482
YARN-2877,1,0.9995003747189608,1,0.0002498126405196593,0.9995003747189608,0.0002498126405196593
YARN-2851,1,0.6604329807789407,2,0.0016583747927041133,0.6604329807789407,0.33790864442835516
YARN-2837,2,0.5827891641832229,3,0.2399297672249969,0.1772810685917802,0.5827891641832229
YARN-2848,1,0.5857477517206646,2,0.3669760443923597,0.5857477517206646,0.04727620388697569
YARN-2840,2,0.9991677070328754,1,0.00041614648356231123,0.00041614648356231123,0.9991677070328754
YARN-2835,2,0.7151044088983818,2,0.0009970089730809931,0.28389858212853725,0.7151044088983818
YARN-2831,0,0.5000986996091268,3,0.5000986996091268,0.27635687758447813,0.22354442280639505
YARN-2829,2,0.6366856835109052,2,0.1290983065238513,0.23421600996524358,0.6366856835109052
YARN-2818,2,0.7639863775366694,1,0.12859203645291542,0.10742158601041518,0.7639863775366694
YARN-2817,1,0.8291152239531427,2,0.17051481674238048,0.8291152239531427,0.0003699593044766398
YARN-2814,0,0.5060604111970881,2,0.5060604111970881,0.0006653359946775258,0.49327425280823434
YARN-2800,0,0.734910175209347,2,0.734910175209347,0.11430806519029273,0.15078175960036028
YARN-2793,1,0.9995655007603736,1,0.00021724961981320928,0.9995655007603736,0.00021724961981320928
YARN-2791,1,0.8430509042779551,2,0.15675689891251188,0.8430509042779551,0.0001921968095330095
YARN-2478,1,0.7559374819721463,2,0.24353703195323442,0.7559374819721463,0.0005254860746191467
YARN-2786,2,0.5108550789831653,2,0.48878816040320644,0.0003567606136283395,0.5108550789831653
YARN-2781,1,0.9994122832794593,1,0.0002938583602704162,0.9994122832794593,0.0002938583602704162
YARN-2770,2,0.7840396795346155,1,0.11852110650278183,0.09743921396260258,0.7840396795346155
YARN-2765,2,0.865830681296224,1,0.0003995205753098016,0.1337697981284663,0.865830681296224
YARN-2745,1,0.9567622306414153,1,0.042881008744956296,0.9567622306414153,0.00035676061362837816
YARN-2744,0,0.6751687763544016,2,0.6751687763544016,0.1970378145409729,0.12779340910462542
YARN-2728,0,0.9994740993952144,1,0.9994740993952144,0.0002629503023928898,0.0002629503023928898
YARN-2695,1,0.583468262925122,2,0.41609752083519064,0.583468262925122,0.0004342162396874068
YARN-2693,0,0.3796571774721731,3,0.3796571774721731,0.3739600048868676,0.2463828176409593
YARN-2691,0,0.40657145270285183,3,0.40657145270285183,0.36348666414202635,0.22994188315512193
YARN-2690,1,0.47583777269218247,3,0.15399620461949706,0.47583777269218247,0.3701660226883204
YARN-2681,1,0.6390237869114286,2,0.04913765991290514,0.6390237869114286,0.31183855317566633
YARN-2673,2,0.5696164379504504,2,0.3368619432015391,0.09352161884801045,0.5696164379504504
YARN-2672,1,0.9988907376594558,1,0.0005546311702720342,0.9988907376594558,0.0005546311702720342
YARN-2653,2,0.4017121756070524,3,0.23565372259331133,0.3626341017996362,0.4017121756070524
YARN-2670,1,0.8349656765930101,1,0.11122467959558016,0.8349656765930101,0.053809643811409735
YARN-2664,2,0.5007300868717138,2,0.0006238303181536039,0.49864608281013273,0.5007300868717138
YARN-2661,1,0.9988907376594559,1,0.0005546311702719351,0.9988907376594559,0.0005546311702719351
YARN-2632,2,0.9983374896093097,1,0.0008312551953451756,0.0008312551953451756,0.9983374896093097
YARN-2629,2,0.6257084825138254,2,0.0005871990604817015,0.37370431842569296,0.6257084825138254
YARN-2619,1,0.9960238568588465,1,0.0019880715705767487,0.9960238568588465,0.0019880715705767487
YARN-2616,2,0.997785160575858,1,0.001107419712071009,0.001107419712071009,0.997785160575858
YARN-2613,2,0.6564987401492826,2,0.34291406079023595,0.0005871990604815798,0.6564987401492826
YARN-2599,0,0.6520710543036009,2,0.6520710543036009,0.0006238303181537096,0.34730511537824543
YARN-2597,2,0.5001925134315458,2,0.00052548607461946,0.49928200049383487,0.5001925134315458
YARN-2427,2,0.5763090573279274,2,0.4231916915487575,0.0004992511233150737,0.5763090573279274
YARN-2575,0,0.57761539462683,2,0.57761539462683,0.00039952057530972493,0.4219850847978603
YARN-2573,1,0.3368183510007732,3,0.3367404640739742,0.3368183510007732,0.3264411849252526
YARN-2572,1,0.5229835116534807,2,0.476517237223204,0.5229835116534807,0.000499251123315149
YARN-2571,2,0.7480834884358,2,0.25163104196671215,0.0002854695974880015,0.7480834884358
YARN-2552,2,0.675451960810433,2,0.0002172496198132563,0.3243307895697537,0.675451960810433
YARN-2548,2,0.5179894432358486,2,0.00022207417277375906,0.4817884825913776,0.5179894432358486
YARN-2533,1,0.5106036100147792,2,0.0002562131693570209,0.5106036100147792,0.48914017681586375
YARN-2528,2,0.47468683511091697,3,0.20953091873211702,0.31578224615696604,0.47468683511091697
YARN-2521,2,0.8195486537309705,2,0.0003995205753098139,0.18005182569371955,0.8195486537309705
YARN-2520,2,0.5723499346800602,2,0.00014486455164426938,0.4275052007682954,0.5723499346800602
YARN-2495,0,0.9009111770104025,1,0.9009111770104025,0.0002629503023928876,0.09882587268720458
YARN-2518,1,0.9400758833645089,1,0.00014486455164425887,0.9400758833645089,0.05977925208384676
YARN-2517,2,0.5214931371981949,2,0.47800761167849,0.0004992511233151323,0.5214931371981949
YARN-2513,2,0.6389064181181561,2,0.0005254860746191841,0.3605680958072248,0.6389064181181561
YARN-2503,0,0.5403618520835465,2,0.5403618520835465,0.36255696357229233,0.09708118434416117
YARN-2501,0,0.9966832504145936,1,0.9966832504145936,0.0016583747927032065,0.0016583747927032065
YARN-2496,0,0.9996668332500417,1,0.9996668332500417,0.00016658337497919433,0.00016658337497919433
YARN-2494,0,0.5328368566534281,2,0.5328368566534281,0.00014699397324714517,0.46701614937332475
YARN-2488,1,0.5873307324732475,2,0.4123570602211015,0.5873307324732475,0.00031220730565109455
YARN-2487,0,0.6961912903781734,2,0.6961912903781734,0.30365726330954423,0.00015144631228233005
YARN-2475,0,0.5319140476052757,2,0.5319140476052757,0.4674621220765705,0.0006238303181537166
YARN-2468,2,0.5082682330383113,2,0.49139876662868837,0.0003330003330003761,0.5082682330383113
YARN-2466,1,0.8325340313008175,2,9.343174810804785e-05,0.8325340313008175,0.16737253695107446
YARN-2458,2,0.6171701732029659,2,0.025141265929922094,0.35768856086711204,0.6171701732029659
YARN-2456,0,0.8994172600850954,1,0.8994172600850954,0.10041615653992542,0.0001665833749792644
YARN-2440,1,0.9987523393636928,1,0.0006238303181534996,0.9987523393636928,0.0006238303181534996
YARN-2439,1,0.9995125517913722,1,0.00024372410431395785,0.9995125517913722,0.00024372410431395785
YARN-2434,0,0.819655283960632,2,0.819655283960632,0.00045392646391299537,0.179890789575455
YARN-2420,0,0.9971550497866285,1,0.9971550497866285,0.0014224751066858022,0.0014224751066858022
YARN-2415,1,0.6467931547578822,2,0.0004992511233151176,0.6467931547578822,0.35270759411880254
YARN-2411,0,0.7817600085953281,1,0.7817600085953281,0.1333616701779179,0.08487832122675398
YARN-2408,1,0.8510373970228663,1,0.00023239600278881137,0.8510373970228663,0.14873020697434483
YARN-2386,0,0.7754123426087988,2,0.7754123426087988,0.22438370063003457,0.00020395676116667893
YARN-2378,0,0.7176080609568553,2,0.7176080609568553,0.2819380125792318,0.0004539264639129711
YARN-2331,0,0.6440361923028347,2,0.6440361923028347,0.00019596315892617106,0.3557678445382392
YARN-2360,0,0.6871184175750166,2,0.6871184175750166,0.17701585527584637,0.13586572714913703
YARN-2310,2,0.8893585874627231,1,0.00032226877215605574,0.11031914376512086,0.8893585874627231
YARN-2344,2,0.649429088222224,2,0.00024372410431404014,0.350327187673462,0.649429088222224
YARN-2320,2,0.8969701619745672,1,0.10263031745012303,0.0003995205753097662,0.8969701619745672
YARN-2302,2,0.5851735869209895,2,0.00022207417277377104,0.41460433890623677,0.5851735869209895
YARN-2299,1,0.5541022846986866,2,0.38509499859040797,0.5541022846986866,0.060802716710905425
YARN-2298,2,0.9988256018790368,1,0.0005871990604816018,0.0005871990604816018,0.9988256018790368
YARN-2297,1,0.5224645290968909,2,0.38193153933308216,0.5224645290968909,0.09560393157002688
YARN-2292,2,0.7599811125961753,2,0.00034447123665181186,0.23967441616717283,0.7599811125961753
YARN-2291,2,0.8565871395247894,1,0.00033300033300042765,0.14307986014221027,0.8565871395247894
YARN-2278,2,0.7469073246041306,2,0.000322268772156025,0.2527704066237135,0.7469073246041306
YARN-2257,0,0.733645315615064,2,0.733645315615064,0.26623277776540655,0.00012190661952946338
YARN-2253,1,0.5983685115531995,2,0.40119727220711293,0.5983685115531995,0.00043421623968757867
YARN-2248,2,0.3665824466065356,3,0.30142180101531374,0.33199575237815065,0.3665824466065356
YARN-2233,2,0.9986693280106451,1,0.0006653359946774351,0.0006653359946774351,0.9986693280106451
YARN-2227,2,0.48135016378440754,3,0.2808752663612392,0.23777456985435316,0.48135016378440754
YARN-2207,2,0.9980059820538378,1,0.0009970089730811109,0.0009970089730811109,0.9980059820538378
YARN-2198,1,0.5557148875089977,2,9.171787581404103e-05,0.5557148875089977,0.44419339461518836
YARN-2188,1,0.5205571869835011,2,0.0005871990604815863,0.5205571869835011,0.4788556139560173
YARN-2186,1,0.9990014977533697,1,0.000499251123315089,0.9990014977533697,0.000499251123315089
YARN-2185,2,0.9989490278507615,1,0.000525486074619311,0.000525486074619311,0.9989490278507615
YARN-2181,1,0.5018288625256152,2,0.0002629503023929132,0.5018288625256152,0.497908187171992
YARN-2179,2,0.6956059913310271,2,0.13442477586969884,0.16996923279927417,0.6956059913310271
YARN-2177,1,0.6053676574451996,2,0.0003567606136283491,0.6053676574451996,0.394275581941172
YARN-2176,1,0.5923194581096949,2,0.35588070984023035,0.5923194581096949,0.05179983205007484
YARN-2174,2,0.6423621221515566,2,0.0005546311702718552,0.3570832466781715,0.6423621221515566
YARN-2172,1,0.9732962696156788,1,0.02657719615681254,0.9732962696156788,0.00012653422750857118
YARN-2069,1,0.6188333339118146,2,0.3808811964906976,0.6188333339118146,0.00028546959748794313
YARN-2154,1,0.9988907376594561,1,0.0005546311702718723,0.9988907376594561,0.0005546311702718723
YARN-2151,1,0.5377367032060039,2,0.46220119656422537,0.5377367032060039,6.210022977087563e-05
YARN-2144,2,0.5032680647714124,2,0.00036995930447659547,0.496361975924111,0.5032680647714124
YARN-2141,1,0.7100449711281134,2,0.1274340789203402,0.7100449711281134,0.16252094995154648
YARN-2140,1,0.9966832504145934,1,0.0016583747927033583,0.9966832504145934,0.0016583747927033583
YARN-2139,1,0.9987523393636928,1,0.0006238303181535103,0.9987523393636928,0.0006238303181535103
YARN-2086,2,0.7835282891703385,2,0.0002854695974879893,0.21618624123217353,0.7835282891703385
YARN-2113,1,0.5779391751357296,2,0.4217163536276186,0.5779391751357296,0.0003444712366518317
YARN-2102,2,0.9992864787727433,1,0.0003567606136283478,0.0003567606136283478,0.9992864787727433
YARN-2099,1,0.5192020072181751,2,0.480085234406914,0.5192020072181751,0.0007127583749109754
YARN-2098,0,0.5152611967646215,2,0.5152611967646215,0.4841516041748969,0.0005871990604815478
YARN-2084,2,0.850874256732769,1,0.0003330003330004572,0.14879274293423062,0.850874256732769
YARN-2082,2,0.716171654029737,2,0.07729069955469037,0.2065376464155725,0.716171654029737
YARN-2080,1,0.9989490278507615,1,0.0005254860746191762,0.9989490278507615,0.0005254860746191762
YARN-2049,2,0.9950372208436709,1,0.002481389578164623,0.002481389578164623,0.9950372208436709
YARN-2041,1,0.8314733003158052,2,0.000212630236019729,0.8314733003158052,0.1683140694481751
YARN-2040,0,0.6669536303114415,2,0.6669536303114415,0.0009066183136902893,0.33213975137486823
YARN-2037,2,0.998574483250178,1,0.0007127583749110315,0.0007127583749110315,0.998574483250178
YARN-2033,2,0.89935786898476,1,0.00043421623968754115,0.10020791477555252,0.89935786898476
YARN-2032,2,0.9988907376594562,1,0.0005546311702718815,0.0005546311702718815,0.9988907376594562
YARN-2031,2,0.6570245478832564,2,0.0003330003330004371,0.34264245178374314,0.6570245478832564
YARN-2026,0,0.7282283643654799,2,0.7282283643654799,0.27171845263180777,5.3183002712349804e-05
YARN-2010,2,0.5793511091224941,2,0.4203788395677569,0.00027005130974892827,0.5793511091224941
YARN-2005,1,0.6994465136283671,2,0.30016931426252796,0.6994465136283671,0.0003841721091049523
YARN-2004,1,0.7548327373504575,1,0.1427079982868406,0.7548327373504575,0.10245926436270178
YARN-2001,0,0.4918700533064805,2,0.4918700533064805,0.47494439332826516,0.03318555336525444
YARN-2000,0,0.6757715904316416,2,0.6757715904316416,0.13974215745093968,0.1844862521174188
YARN-1996,0,0.4032859283359383,3,0.4032859283359383,0.33749532662117904,0.2592187450428827
YARN-1994,2,0.5387201336397937,2,0.0002562131693569756,0.4610236531908492,0.5387201336397937
YARN-1993,2,0.7025781085739823,2,0.0003567606136284015,0.29706513081238933,0.7025781085739823
YARN-1990,1,0.999444907021926,1,0.00027754648903702717,0.999444907021926,0.00027754648903702717
YARN-1983,1,0.9071998047155531,1,0.00024372410431405133,0.9071998047155531,0.09255647118013291
YARN-1972,1,0.659220480836832,2,4.309787527476929e-05,0.659220480836832,0.34073642128789317
YARN-1954,2,0.5628982881704009,2,0.4368078534693286,0.00029385836027052525,0.5628982881704009
YARN-1953,1,0.5957974225518775,2,0.00033300033300046435,0.5957974225518775,0.40386957711512206
YARN-1969,1,0.7272106677677918,2,0.23525104866782912,0.7272106677677918,0.03753828356437911
YARN-1968,2,0.9995655007603734,1,0.00021724961981324362,0.00021724961981324362,0.9995655007603734
YARN-1963,1,0.6613546328740235,2,0.33834261205482896,0.6613546328740235,0.0003027550711475827
YARN-1938,1,0.49992665558605853,2,0.0024813895781649426,0.49992665558605853,0.49759195483577656
YARN-1937,2,0.9971550497866284,1,0.0014224751066858386,0.0014224751066858386,0.9971550497866284
YARN-1936,2,0.7560428438654719,2,0.0009066183136902133,0.24305053782083785,0.7560428438654719
YARN-1915,2,0.5811723031799152,2,0.4186237400589181,0.00020395676116669056,0.5811723031799152
YARN-1913,1,0.7636177165111165,2,0.23601232418440685,0.7636177165111165,0.000369959304476552
YARN-1871,2,0.7517251874939623,2,0.00020395676116671848,0.2480708557448709,0.7517251874939623
YARN-1864,0,0.74203897053977,2,0.74203897053977,0.2578600499590688,0.00010097950116128155
YARN-1858,1,0.5503208161501643,2,0.4494665536138163,0.5503208161501643,0.00021263023601960558
YARN-1857,0,0.7139058567113171,2,0.7139058567113171,0.21201537757076552,0.07407876571791731
YARN-1856,1,0.9960238568588465,1,0.001988071570576782,0.9960238568588465,0.001988071570576782
YARN-1838,2,0.9141361067329858,1,0.0002562131693569767,0.0856076800976572,0.9141361067329858
YARN-1815,2,0.8295475661523236,2,0.17016696425018846,0.0002854695974879586,0.8295475661523236
YARN-1809,2,0.9233529776097888,1,0.0002938583602705209,0.07635316402994063,0.9233529776097888
YARN-1808,2,0.5798751002861716,2,0.0003995205753097328,0.41972537913851865,0.5798751002861716
YARN-1804,2,0.7326950304958264,2,0.00030275507114760694,0.267002214433026,0.7326950304958264
YARN-1799,1,0.5564221770279613,2,0.00024372410431397463,0.5564221770279613,0.44333409886772474
YARN-1769,1,0.7152637106676223,2,0.28461438271284817,0.7152637106676223,0.00012190661952947
YARN-1766,2,0.999355462455688,1,0.00032226877215604186,0.00032226877215604186,0.999355462455688
YARN-1755,2,0.5102976851472314,2,0.11009340337452661,0.3796089114782421,0.5102976851472314
YARN-1743,2,0.8882821933113583,1,0.11130166020507937,0.00041614648356231497,0.8882821933113583
YARN-1732,2,0.75448611385223,2,0.24533541033124304,0.00017847581652694137,0.75448611385223
YARN-1730,2,0.9990014977533697,1,0.0004992511233151871,0.0004992511233151871,0.9990014977533697
YARN-1727,2,0.7491137564735748,2,0.2505923851661548,0.0002938583602704518,0.7491137564735748
YARN-1717,2,0.8322392584913709,2,0.16742774117562859,0.0003330003330005305,0.8322392584913709
YARN-1714,2,0.7778564573705712,2,0.22189372998890927,0.00024981264051965617,0.7778564573705712
YARN-1712,1,0.5712080555581897,2,0.4283924238665004,0.5712080555581897,0.0003995205753098427
YARN-1710,1,0.999333999333999,1,0.00033300033300041757,0.999333999333999,0.00033300033300041757
YARN-1709,1,0.9988256018790365,1,0.0005871990604816599,0.9988256018790365,0.0005871990604816599
YARN-1708,1,0.8460000810610339,2,0.1535837724554036,0.8460000810610339,0.00041614648356237823
YARN-1707,0,0.5161045993706654,2,0.5161045993706654,0.4836630046265459,0.00023239600278884148
YARN-1695,2,0.6948820294043615,2,0.0001586546089164376,0.30495931598672216,0.6948820294043615
YARN-1639,0,0.5272226106602946,2,0.5272226106602946,0.00032226877215605173,0.4724551205675493
YARN-1659,2,0.998752339363693,1,0.0006238303181535296,0.0006238303181535296,0.998752339363693
YARN-1655,1,0.9966832504145935,1,0.0016583747927033023,0.9966832504145935,0.0016583747927033023
YARN-1654,1,0.9971550497866286,1,0.0014224751066857456,0.9971550497866286,0.0014224751066857456
YARN-1651,1,0.9971550497866285,1,0.0014224751066857703,0.9971550497866285,0.0014224751066857703
YARN-1645,1,0.9984650805832691,1,0.0007674597083654686,0.9984650805832691,0.0007674597083654686
YARN-1621,2,0.5310297947822407,2,0.00019596315892619068,0.46877424205883317,0.5310297947822407
YARN-1620,2,0.5465183609255164,3,0.2120516681085585,0.2414299709659251,0.5465183609255164
YARN-1609,1,0.9950372208436724,1,0.002481389578163828,0.9950372208436724,0.002481389578163828
YARN-1520,2,0.6009420375465795,2,0.3976354873467344,0.001422475106686058,0.6009420375465795
YARN-1593,1,0.5810821575333317,3,0.21728605515455582,0.5810821575333317,0.2016317873121126
YARN-1589,0,0.41369098119420045,3,0.41369098119420045,0.23601616331092373,0.3502928554948758
YARN-1585,2,0.9989490278507617,1,0.0005254860746191663,0.0005254860746191663,0.9989490278507617
YARN-1584,0,0.842290376207217,2,0.842290376207217,0.0002498126405196733,0.15745981115226332
YARN-1582,1,0.7523992299727932,2,0.2256777436887469,0.7523992299727932,0.02192302633845993
YARN-1564,1,0.5606324992946499,2,0.0004992511233152065,0.5606324992946499,0.4388682495820348
YARN-1558,0,0.47636272807818275,2,0.47636272807818275,0.067310125855661,0.4563271460661564
YARN-1543,1,0.8082620118767768,2,0.00017534630896024183,0.8082620118767768,0.1915626418142629
YARN-1538,2,0.5732549687480453,2,0.0004755111745127148,0.426269520077442,0.5732549687480453
YARN-1530,2,0.6561902212189518,2,0.00022207417277378134,0.3435877046082744,0.6561902212189518
YARN-1512,1,0.8057692062908428,2,0.1935180353342458,0.8057692062908428,0.0007127583749114353
YARN-1510,1,0.9990489776509743,1,0.00047551117451276337,0.9990489776509743,0.00047551117451276337
YARN-1509,1,0.9988256018790365,1,0.0005871990604816925,0.9988256018790365,0.0005871990604816925
YARN-1503,1,0.7139532011678488,2,0.00019219680953299896,0.7139532011678488,0.2858546020226182
YARN-1498,0,0.7260134204832874,2,0.7260134204832874,0.2735523632770251,0.0004342162396874571
YARN-1495,0,0.7365282265189957,2,0.7365282265189957,9.70591089974092e-05,0.2633747143720068
YARN-1493,0,0.7922223259452101,2,0.7922223259452101,0.20750762274504098,0.00027005130974899
YARN-1492,1,0.5979124535271418,2,0.00016940538709138626,0.5979124535271418,0.4019181410857668
YARN-1490,2,0.5166913484037933,2,0.4827214525357249,0.00058719906048173,0.5166913484037933
YARN-1489,2,0.45433808483199273,3,0.21749139822770547,0.32817051694030175,0.45433808483199273
YARN-1488,1,0.8524443409916584,1,0.14712144276865383,0.8524443409916584,0.00043421623968758864
YARN-1462,1,0.998465080583269,1,0.0007674597083655256,0.998465080583269,0.0007674597083655256
YARN-1461,0,0.569889055435024,2,0.569889055435024,0.42886561455252264,0.0012453300124534053
YARN-1436,0,0.6155908461058125,2,0.6155908461058125,0.05498843106535888,0.32942072282882867
YARN-1448,1,0.7633812903340965,2,0.23603151060542177,0.7633812903340965,0.0005871990604816751
YARN-1440,2,0.9717185015569904,1,0.00014279594459523214,0.028138702498414398,0.9717185015569904
YARN-1421,0,0.6132442914583888,2,0.6132442914583888,0.13197835008132208,0.25477735846028915
YARN-1404,1,0.8452339680056808,1,0.05251316609082871,0.8452339680056808,0.10225286590349036
YARN-1394,1,0.5935569330638064,2,0.4062106709334047,0.5935569330638064,0.00023239600278886381
YARN-1392,0,0.9991315675206249,1,0.9991315675206249,0.0004342162396874923,0.0004342162396874923
YARN-1390,2,0.7172636639142925,2,0.00023239600278882587,0.28250394008291857,0.7172636639142925
YARN-1389,2,0.7616614501593456,2,0.00036995930447665667,0.23796859053617775,0.7616614501593456
YARN-1380,2,0.681003165895129,2,0.3186846267992199,0.0003122073056511158,0.681003165895129
YARN-1378,2,0.9042952683375962,1,0.0952885851788416,0.0004161464835622885,0.9042952683375962
YARN-1372,0,0.6710152487225322,2,0.6710152487225322,0.00011760555098203953,0.32886714572648584
YARN-1371,0,0.7996287449037401,2,0.7996287449037401,0.0002498126405196615,0.20012144245574015
YARN-1370,0,0.799620818570739,2,0.799620818570739,0.000249812640519658,0.2001293687887415
YARN-1369,0,0.799621227022278,2,0.799621227022278,0.0002498126405196578,0.20012896033720232
YARN-1368,0,0.9992316557817901,1,0.9992316557817901,0.0003841721091049197,0.0003841721091049197
YARN-1367,0,0.9995352079944225,1,0.9995352079944225,0.00023239600278877252,0.00023239600278877252
YARN-1366,0,0.5763742329514692,2,0.5763742329514692,0.12041055490431303,0.30321521214421776
YARN-1362,2,0.4981254985558114,2,0.3639959526788546,0.13787854876533404,0.4981254985558114
YARN-1360,1,0.7885957568058601,1,0.06499081488782782,0.7885957568058601,0.14641342830631204
YARN-1355,0,0.9983374896093099,1,0.9983374896093099,0.0008312551953450553,0.0008312551953450553
YARN-1354,0,0.9985744832501781,1,0.9985744832501781,0.0007127583749109778,0.0007127583749109778
YARN-1338,1,0.4004539387073616,3,0.25809981330953274,0.4004539387073616,0.34144624798310563
YARN-1337,0,0.7132001552519234,2,0.7132001552519234,0.00027754648903702235,0.2865222982590396
YARN-1336,2,0.6182589717272943,2,0.3810282698977947,0.0007127583749110401,0.6182589717272943
YARN-1324,2,0.4511121404391626,2,0.1189865633031045,0.429901296257733,0.4511121404391626
YARN-1318,2,0.6968760119517722,2,0.00045392646391312054,0.30267006158431475,0.6968760119517722
YARN-1317,1,0.544725201106939,2,0.45487527831775115,0.544725201106939,0.00039952057530979454
YARN-1292,1,0.7263678261440316,2,0.00025621316935702583,0.7263678261440316,0.2733759606866113
YARN-1290,1,0.8317100725139255,2,0.16805200219461605,0.8317100725139255,0.00023792529145857738
YARN-1276,1,0.9966832504145932,1,0.0016583747927034706,0.9966832504145932,0.0016583747927034706
YARN-1253,1,0.6399015546674661,2,0.0001665833749792203,0.6399015546674661,0.3599318619575548
YARN-1250,2,0.9966832504145935,1,0.001658374792703313,0.001658374792703313,0.9966832504145935
YARN-1249,2,0.5239317411537944,2,0.4757560515405546,0.00031220730565101296,0.5239317411537944
YARN-1228,2,0.4846033704959592,3,0.3498850455924188,0.16551158391162202,0.4846033704959592
YARN-1210,0,0.5529998998580667,2,0.5529998998580667,0.08097702037444159,0.36602307976749165
YARN-1200,1,0.5651886231557777,2,0.08735536035904648,0.5651886231557777,0.34745601648517577
YARN-1197,1,0.9995125517913722,1,0.00024372410431394514,0.9995125517913722,0.00024372410431394514
YARN-1187,1,0.6133194903597158,2,0.38622658317637115,0.6133194903597158,0.0004539264639130428
YARN-1186,0,0.5647969848524313,2,0.5647969848524313,0.4346158160870869,0.0005871990604816428
YARN-1177,2,0.5534676903541585,2,0.44590847932768757,0.0006238303181538488,0.5534676903541585
YARN-1155,1,0.72180780697036,2,0.0005546311702720258,0.72180780697036,0.2776375618593681
YARN-1151,2,0.7870186764988162,2,0.00018508236165101162,0.2127962411395328,0.7870186764988162
YARN-1133,1,0.8389435878164087,2,0.16034365380868038,0.8389435878164087,0.000712758374910968
YARN-1098,1,0.3391546024967428,3,0.3326198369334341,0.3391546024967428,0.3282255605698232
YARN-1127,1,0.5172526898880629,2,0.48264530052303556,0.5172526898880629,0.00010200958890138034
YARN-1125,2,0.5032907669719499,3,0.15788424742567375,0.33882498560237656,0.5032907669719499
YARN-1124,2,0.9992009588493806,1,0.00039952057530967625,0.00039952057530967625,0.9992009588493806
YARN-1117,1,0.7110084256540925,2,0.0006238303181535522,0.7110084256540925,0.288367744027754
YARN-1115,0,0.5539296749874288,2,0.5539296749874288,0.3517149076642558,0.09435541734831544
YARN-1105,1,0.7437386081284079,2,0.15973956393190808,0.7437386081284079,0.09652182793968393
YARN-1104,2,0.8660307713104749,1,0.0005871990604816984,0.1333820296290433,0.8660307713104749
YARN-1089,1,0.9988256018790366,1,0.0005871990604816287,0.9988256018790366,0.0005871990604816287
YARN-1080,2,0.8829606102416739,1,0.0001448645516442649,0.11689452520668177,0.8829606102416739
YARN-1067,0,0.6708902502089776,2,0.6708902502089776,0.32865582332710913,0.00045392646391307387
YARN-1065,2,0.5568949693319923,2,0.0003995205753096933,0.442705510092698,0.5568949693319923
YARN-1063,1,0.563909500925479,2,0.014214305367633327,0.563909500925479,0.42187619370688756
YARN-1062,1,0.7475345226435685,2,0.0003027550711475552,0.7475345226435685,0.2521627222852839
YARN-1052,0,0.6337131507866572,2,0.6337131507866572,0.36583292274942963,0.00045392646391294864
YARN-1051,1,0.7609909553450678,2,0.23863908535045555,0.7609909553450678,0.00036995930447662084
YARN-1041,0,0.4184415185260771,3,0.4184415185260771,0.4003857226631297,0.18117275881079314
YARN-1040,1,0.8670921768881753,1,0.00022207417277380826,0.8670921768881753,0.13268574893905102
YARN-1037,2,0.8573974762381509,1,0.00039952057530969593,0.14220300318653947,0.8573974762381509
YARN-1033,2,0.5539069854263001,2,0.3484150768300103,0.09767793774368953,0.5539069854263001
YARN-1029,2,0.9988907376594561,1,0.000554631170271926,0.000554631170271926,0.9988907376594561
YARN-1028,2,0.6252375796440942,2,0.1022093959153361,0.2725530244405697,0.6252375796440942
YARN-1027,2,0.9984650805832692,1,0.0007674597083654135,0.0007674597083654135,0.9984650805832692
YARN-1024,1,0.8325221344084658,2,0.0003841721091052657,0.8325221344084658,0.16709369348242895
YARN-1023,2,0.9966832504145936,1,0.0016583747927032177,0.0016583747927032177,0.9966832504145936
YARN-1010,1,0.6768195544220242,2,0.32290289908893866,0.6768195544220242,0.0002775464890370752
YARN-1021,1,0.5501215237665246,2,0.37650831744210933,0.5501215237665246,0.07337015879136612
YARN-1020,1,0.6613922056555082,2,0.00010749220681504422,0.6613922056555082,0.33850030213767685
YARN-1019,2,0.6834180474739123,2,0.00020820320632953217,0.31637374931975804,0.6834180474739123
YARN-1016,1,0.6021542466798708,2,0.000293858360270427,0.6021542466798708,0.3975518949598588
YARN-1015,1,0.727819710009581,2,0.2717263635265059,0.727819710009581,0.0004539264639128955
YARN-1014,1,0.6802192199318275,2,0.3193966079590673,0.6802192199318275,0.0003841721091049776
YARN-1013,1,0.8901175609679939,1,0.10929523997152435,0.8901175609679939,0.0005871990604815787
YARN-1011,1,0.8248605227817764,2,0.17470526097853611,0.8248605227817764,0.00043421623968751877
YARN-1001,0,0.3481256186175997,3,0.3481256186175997,0.3238786900804586,0.3279956913019416
YARN-1000,0,0.5196109412278048,2,0.5196109412278048,0.48019309561326906,0.00019596315892619526
YARN-997,0,0.40935578016704965,3,0.40935578016704965,0.2532652459274704,0.33737897390547983
YARN-986,2,0.7364989762070469,2,0.00025621316935695493,0.2632448106235962,0.7364989762070469
YARN-977,1,0.9996493073820796,1,0.00017534630896023825,0.9996493073820796,0.00017534630896023825
YARN-975,2,0.9981867633726198,1,0.0009066183136901005,0.0009066183136901005,0.9981867633726198
YARN-972,1,0.8389150344267543,1,0.11150112426664943,0.8389150344267543,0.04958384130659626
YARN-896,1,0.544233420060658,2,0.00034447123665187816,0.544233420060658,0.4554221087026901
YARN-958,0,0.7579277457527721,2,0.7579277457527721,0.00012653422750858438,0.24194572001971926
YARN-957,1,0.5810909122930082,2,0.4188129615895255,0.5810909122930082,9.612611746613551e-05
YARN-953,2,0.9960238568588468,1,0.0019880715705766668,0.0019880715705766668,0.9960238568588468
YARN-951,1,0.9150907631204509,1,0.08483349651751021,0.9150907631204509,7.57403620389537e-05
YARN-950,2,0.5364759423622568,2,0.00023792529145859925,0.4632861323462844,0.5364759423622568
YARN-926,1,0.6409137301741805,2,0.00034447123665179647,0.6409137301741805,0.3587417985891676
YARN-925,2,0.9022177761713331,1,0.0005871990604816926,0.09719502476818509,0.9022177761713331
YARN-941,2,0.7586212361873413,2,0.2412359678680635,0.00014279594459522518,0.7586212361873413
YARN-921,2,0.9987523393636928,1,0.000623830318153645,0.000623830318153645,0.9987523393636928
YARN-914,0,0.5910701683827301,3,0.5910701683827301,0.231001774490783,0.17792805712648688
YARN-913,2,0.6520255376383995,2,0.00024981264051968745,0.3477246497210808,0.6520255376383995
YARN-911,2,0.6372570658576812,2,0.000453926463912982,0.36228900767840594,0.6372570658576812
YARN-910,1,0.7942767929336015,2,0.20536644645277005,0.7942767929336015,0.0003567606136283706
YARN-904,1,0.6731024848715376,2,0.0005254860746191184,0.6731024848715376,0.3263720290538432
YARN-875,0,0.8099253062908809,2,0.8099253062908809,0.0005871990604817271,0.18948749464863737
YARN-867,2,0.49228945984446787,2,0.4174385882645348,0.09027195189099728,0.49228945984446787
YARN-851,1,0.9985744832501781,1,0.00071275837491099,0.9985744832501781,0.00071275837491099
YARN-824,2,0.575327387004419,2,0.0008312551953456302,0.4238413578002354,0.575327387004419
YARN-813,2,0.5211618063509998,2,0.00018508236165099427,0.47865311128734916,0.5211618063509998
YARN-810,1,0.8806954523054187,1,0.10634192157446727,0.8806954523054187,0.012962626120114054
YARN-801,2,0.5022663614007266,2,0.0003841721091049317,0.4973494664901685,0.5022663614007266
YARN-781,1,0.5605706394463652,2,0.0014224751066858417,0.5605706394463652,0.43800688544694905
YARN-789,1,0.8857718615329555,1,0.11418330144960281,0.8857718615329555,4.483701744161379e-05
YARN-785,2,0.6624407032219067,2,0.0003444712366518868,0.3372148255414414,0.6624407032219067
YARN-779,0,0.6044004713432887,2,0.6044004713432887,0.3953913254503819,0.00020820320632941589
YARN-771,1,0.997785160575858,1,0.0011074197120710455,0.997785160575858,0.0011074197120710455
YARN-747,1,0.999092147072174,1,0.0004539264639129348,0.999092147072174,0.0004539264639129348
YARN-740,2,0.9981867633726197,1,0.0009066183136901823,0.0009066183136901823,0.9981867633726197
YARN-732,1,0.7906711191418444,2,0.00021724961981323698,0.7906711191418444,0.2091116312383425
YARN-717,2,0.9990921470721742,1,0.00045392646391291113,0.00045392646391291113,0.9990921470721742
YARN-714,2,0.533745473093343,2,0.46582031066696944,0.0004342162396875447,0.533745473093343
YARN-710,1,0.4684635441566159,2,0.07234307521231179,0.4684635441566159,0.4591933806310723
YARN-707,2,0.8410394718564128,2,0.0011074197120721698,0.15785310843151498,0.8410394718564128
YARN-696,2,0.7832948550050507,2,0.0001694053870913406,0.21653573960785796,0.7832948550050507
YARN-694,2,0.5187021064101308,2,0.48113668127324805,0.00016121231662104724,0.5187021064101308
YARN-693,0,0.5994358336864714,2,0.5994358336864714,0.0001281558374984237,0.40043601047603017
YARN-692,0,0.5920502572385204,2,0.5920502572385204,0.0003330003330003946,0.407616742428479
YARN-682,2,0.7245727654489583,2,0.2750110880674794,0.0004161464835622745,0.7245727654489583
YARN-679,2,0.9993755853886979,1,0.0003122073056510244,0.0003122073056510244,0.9993755853886979
YARN-672,1,0.7754931615705348,2,0.22395220725919318,0.7754931615705348,0.0005546311702719009
YARN-671,2,0.9966832504145932,1,0.001658374792703482,0.001658374792703482,0.9966832504145932
YARN-668,2,0.8253104414777394,2,0.0004539264639131268,0.17423563205834758,0.8253104414777394
YARN-666,2,0.7682305600363574,2,0.0005871990604817244,0.231182240903161,0.7682305600363574
YARN-641,2,0.5103483048144949,2,0.0009066183136902828,0.4887450768718148,0.5103483048144949
YARN-624,1,0.6429750782520616,2,0.35666816113431016,0.6429750782520616,0.00035676061362830026
YARN-616,0,0.7063847204127576,2,0.7063847204127576,0.2929914492690887,0.0006238303181536813
YARN-613,0,0.5542282887018056,2,0.5542282887018056,0.44521708012792244,0.000554631170271845
YARN-611,1,0.46014264844667596,2,0.4287314846398336,0.46014264844667596,0.11112586691349055
YARN-608,2,0.7552522301924275,2,0.00033300033300062845,0.24441476947457186,0.7552522301924275
YARN-600,1,0.7800590156700171,2,0.2196555147324951,0.7800590156700171,0.0002854695974879479
YARN-599,0,0.5304689687302233,2,0.5304689687302233,0.11565081412681665,0.35388021714296003
YARN-596,1,0.5268693673234338,2,0.47292242947023677,0.5268693673234338,0.0002082032063294124
YARN-595,2,0.4548023340256673,3,0.19402758903687303,0.3511700769374597,0.4548023340256673
YARN-589,0,0.5877374657152535,3,0.5877374657152535,0.23992006172015504,0.1723424725645914
YARN-582,2,0.9992009588493805,1,0.0003995205753097526,0.0003995205753097526,0.9992009588493805
YARN-571,0,0.5193627672388791,2,0.5193627672388791,0.0002775464890369612,0.48035968627208403
YARN-569,1,0.6999148711779631,2,0.2694161127421939,0.6999148711779631,0.030669016079842865
YARN-568,1,0.6830777708612763,2,0.00030275507114757317,0.6830777708612763,0.3166194740675761
YARN-567,1,0.7412393271814869,2,0.2586444342970671,0.7412393271814869,0.00011623852144606064
YARN-563,2,0.9990014977533699,1,0.0004992511233150779,0.0004992511233150779,0.9990014977533699
YARN-561,1,0.614212548653672,3,0.18551760605904663,0.614212548653672,0.20026984528728145
YARN-559,2,0.9983374896093096,1,0.0008312551953452525,0.0008312551953452525,0.9983374896093096
YARN-558,0,0.5183717440869412,3,0.5183717440869412,0.31864424157615656,0.1629840143369023
YARN-556,2,0.5323716893134882,2,0.4672583513820352,0.00036995930447661184,0.5323716893134882
YARN-549,0,0.4891594597458329,3,0.4891594597458329,0.15146616243777566,0.35937437781639137
YARN-528,2,0.8564329955541203,1,0.00018171906232970422,0.14338528538355005,0.8564329955541203
YARN-521,1,0.6709126148623045,2,0.0005871990604816011,0.6709126148623045,0.328500186077214
YARN-514,2,0.6403629241186013,2,0.3593040755483983,0.00033300033300038623,0.6403629241186013
YARN-513,0,0.8378819312001852,2,0.8378819312001852,0.1614053104249037,0.0007127583749111729
YARN-506,2,0.8448056228358962,2,0.0007674597083656115,0.15442691745573822,0.8448056228358962
YARN-494,0,0.6247507576843624,2,0.6247507576843624,0.08986503207153258,0.2853842102441051
YARN-482,1,0.6057142704033474,2,0.3940359169561331,0.6057142704033474,0.00024981264051969634
YARN-479,0,0.5859820995887833,2,0.5859820995887833,0.0004992511233153957,0.4135186492879014
YARN-471,0,0.6451153566104469,2,0.6451153566104469,0.354053388194208,0.0008312551953450927
YARN-462,1,0.6032428842160971,3,0.2312645510588833,0.6032428842160971,0.1654925647250196
YARN-453,2,0.5183367741510355,2,0.4812290096092769,0.0004342162396875713,0.5183367741510355
YARN-445,1,0.4962718709192555,2,0.09195966484781533,0.4962718709192555,0.4117684642329292
YARN-443,1,0.9994598973805023,1,0.00027005130974889027,0.9994598973805023,0.00027005130974889027
YARN-438,0,0.4771781260645378,2,0.4771781260645378,0.4199198506901645,0.10290202324529753
YARN-431,2,0.9966832504145934,1,0.0016583747927033491,0.0016583747927033491,0.9966832504145934
YARN-430,2,0.7493646877100415,2,0.09519903153256955,0.15543628075738902,0.7493646877100415
YARN-424,1,0.7214864164710887,2,0.21730803382103422,0.7214864164710887,0.06120554970787704
YARN-423,1,0.8694568782260621,1,0.0676846832690333,0.8694568782260621,0.06285843850490454
YARN-421,2,0.48204606486819906,3,0.3095645696886872,0.20838936544311376,0.48204606486819906
YARN-420,1,0.7316552290181798,2,0.11749851438274651,0.7316552290181798,0.15084625659907364
YARN-336,0,0.8561517505656892,1,0.8561517505656892,0.14355439107404058,0.0002938583602704255
YARN-419,2,0.6272290520266941,2,0.09975760395837713,0.2730133440149287,0.6272290520266941
YARN-418,2,0.5288640372633615,2,0.00030275507114755555,0.4708332076654909,0.5288640372633615
YARN-417,2,0.9980059820538375,1,0.0009970089730812525,0.0009970089730812525,0.9980059820538375
YARN-415,1,0.8852276497070712,1,0.00012190661952947973,0.8852276497070712,0.11465044367339923
YARN-405,1,0.788364848339861,2,0.0003841721091049841,0.788364848339861,0.211250979551034
YARN-393,1,0.6883942612485696,2,0.31108025267681105,0.6883942612485696,0.0005254860746191559
YARN-386,2,0.5153953715882402,3,0.2745940056405386,0.21001062277122115,0.5153953715882402
YARN-378,0,0.9986693280106453,1,0.9986693280106453,0.0006653359946773632,0.0006653359946773632
YARN-373,1,0.8828287463250356,1,0.058318068090248566,0.8828287463250356,0.0588531855847158
YARN-371,1,0.8020755705807169,1,0.09661904171324702,0.8020755705807169,0.10130538770603616
YARN-366,2,0.5514950613814272,2,0.30619684456231067,0.142308094056262,0.5514950613814272
YARN-358,2,0.5835908787949234,2,0.0003567606136284817,0.4160523605914481,0.5835908787949234
YARN-333,0,0.9995241494170831,1,0.9995241494170831,0.00023792529145850492,0.00023792529145850492
YARN-327,1,0.9985744832501777,1,0.0007127583749111757,0.9985744832501777,0.0007127583749111757
YARN-326,1,0.5173122088388561,2,0.4823939328008736,0.5173122088388561,0.0002938583602703898
YARN-321,2,0.7092778890104731,2,0.0001249531425715801,0.29059715784695533,0.7092778890104731
YARN-314,1,0.9993944898577052,1,0.00030275507114747494,0.9993944898577052,0.00030275507114747494
YARN-311,1,0.4456295388604659,3,0.3451328064870762,0.4456295388604659,0.20923765465245783
YARN-309,0,0.9960238568588465,1,0.9960238568588465,0.0019880715705767635,0.0019880715705767635
YARN-304,2,0.672463830371457,2,0.00013152702880446488,0.3274046425997386,0.672463830371457
YARN-291,1,0.8238243880788207,2,0.17593768662972076,0.8238243880788207,0.00023792529145855672
YARN-286,1,0.9983374896093093,1,0.0008312551953453543,0.9983374896093093,0.0008312551953453543
YARN-285,2,0.728422187792846,2,0.000158654608916441,0.27141915759823765,0.728422187792846
YARN-279,2,0.9993944898577048,1,0.0003027550711475396,0.0003027550711475396,0.9993944898577048
YARN-276,0,0.9992009588493805,1,0.9992009588493805,0.0003995205753096869,0.0003995205753096869
YARN-273,1,0.6317036990549703,2,0.0006238303181536528,0.6317036990549703,0.3676724706268762
YARN-265,1,0.9990014977533695,1,0.0004992511233151359,0.9990014977533695,0.0004992511233151359
YARN-261,2,0.36772004550787796,3,0.34435678521328483,0.28792316927883727,0.36772004550787796
YARN-257,1,0.5708813238589564,2,0.00017534630896025468,0.5708813238589564,0.4289433298320834
YARN-256,2,0.5874801049724266,2,0.00019219680953305263,0.4123276982180404,0.5874801049724266
YARN-250,2,0.5109540037278297,3,0.16883906341688504,0.32020693285528534,0.5109540037278297
YARN-247,0,0.7427653143344438,2,0.7427653143344438,0.25632806735186603,0.0009066183136900998
YARN-238,1,0.8718277809609919,1,0.00034447123665180476,0.8718277809609919,0.12782774780235626
YARN-232,2,0.998574483250178,1,0.0007127583749110287,0.0007127583749110287,0.998574483250178
YARN-231,2,0.9975093399750934,1,0.0012453300124533524,0.0012453300124533524,0.9975093399750934
YARN-230,2,0.8887540802965553,1,0.00026295030239293423,0.11098296940105178,0.8887540802965553
YARN-222,0,0.7265142160318624,2,0.7265142160318624,0.16969538827346206,0.10379039569467557
YARN-197,2,0.7688222231579775,2,0.00045392646391294355,0.23072385037810952,0.7688222231579775
YARN-196,0,0.520008391656527,2,0.520008391656527,0.0006653359946774599,0.4793262723487956
YARN-195,1,0.5777378654742303,2,0.4218626139504598,0.5777378654742303,0.0003995205753096953
YARN-191,1,0.9992600813910467,1,0.00036995930447658403,0.9992600813910467,0.00036995930447658403
YARN-160,1,0.8798120153864937,1,0.11997535437748683,0.8798120153864937,0.00021263023601965055
YARN-153,1,0.8171460037886161,2,0.00023792529145864096,0.8171460037886161,0.1826160709199253
YARN-149,2,0.9991315675206252,1,0.0004342162396874555,0.0004342162396874555,0.9991315675206252
YARN-128,2,0.9990489776509746,1,0.00047551117451272103,0.00047551117451272103,0.9990489776509746
YARN-125,2,0.999092147072174,1,0.000453926463913039,0.000453926463913039,0.999092147072174
YARN-120,2,0.9990014977533698,1,0.0004992511233151491,0.0004992511233151491,0.9990014977533698
YARN-119,2,0.9319313108743064,1,0.0678249650213797,0.00024372410431399626,0.9319313108743064
YARN-118,2,0.952988659283861,1,0.0003027550711476952,0.046708585644991286,0.952988659283861
YARN-117,2,0.8022920825855541,1,0.06870150168436505,0.1290064157300809,0.8022920825855541
YARN-111,1,0.7940127988316736,2,0.2054325699980544,0.7940127988316736,0.000554631170271814
YARN-103,2,0.7476728967473351,2,0.0003444712366518608,0.25198263201601306,0.7476728967473351
YARN-91,2,0.9977851605758574,1,0.0011074197120712933,0.0011074197120712933,0.9977851605758574
YARN-90,1,0.786368371022102,2,0.21326166967342133,0.786368371022102,0.00036995930447661043
YARN-80,1,0.8560733106322218,1,0.14371405913175864,0.8560733106322218,0.00021263023601959403
YARN-78,2,0.7351881013880924,2,0.0012453300124542425,0.2635665685994533,0.7351881013880924
YARN-74,0,0.6214132404743481,2,0.6214132404743481,0.37843058273352315,0.00015617679212875165
YARN-73,0,0.5919631787253677,2,0.5919631787253677,0.4079017409018105,0.00013508037282186522
YARN-72,0,0.6035287308083346,2,0.6035287308083346,0.2627150387718262,0.13375623041983922
YARN-60,2,0.617183647088063,2,0.3824321808028322,0.0003841721091049594,0.617183647088063
YARN-45,1,0.9995558516544526,1,0.00022207417277377183,0.9995558516544526,0.00022207417277377183
YARN-41,0,0.5970361273131055,2,0.5970361273131055,0.0006653359946775036,0.402298536692217
YARN-40,2,0.6933344265729403,2,0.3060417431089062,0.0006238303181535599,0.6933344265729403
YARN-39,2,0.8780155021768552,1,0.00036995930447663667,0.12161453851866813,0.8780155021768552
YARN-34,2,0.5223571385859924,2,0.0870007310595845,0.3906421303544231,0.5223571385859924
YARN-29,2,0.9991677070328753,1,0.0004161464835623613,0.0004161464835623613,0.9991677070328753
YARN-19,1,0.6262119951669187,2,0.07628102707378605,0.6262119951669187,0.29750697775929524
YARN-18,1,0.9992600813910467,1,0.0003699593044765928,0.9992600813910467,0.0003699593044765928
YARN-3,1,0.9960238568588465,1,0.0019880715705767804,0.9960238568588465,0.0019880715705767804
YARN-1,1,0.9985744832501781,1,0.0007127583749109948,0.9985744832501781,0.0007127583749109948
YARN-530,2,0.9991677070328754,1,0.00041614648356231036,0.00041614648356231036,0.9991677070328754
YARN-221,2,0.5359226781451786,3,0.2048949086160479,0.2591824132387736,0.5359226781451786
YARN-3657,2,0.9990921470721741,1,0.00045392646391298534,0.00045392646391298534,0.9990921470721741
YARN-3658,1,0.48644010634660817,3,0.22197257620083055,0.48644010634660817,0.2915873174525614
YARN-4858,2,0.8627222064399795,1,0.0003444712366518188,0.1369333223233687,0.8627222064399795
YARN-6667,0,0.4183629937955745,3,0.4183629937955745,0.27712494414171535,0.30451206206271014
YARN-6476,1,0.5658795746352587,2,0.000831255195345219,0.5658795746352587,0.4332891701693961
YARN-5764,1,0.7140365503201161,2,0.13237593092753164,0.7140365503201161,0.15358751875235221
YARN-6483,0,0.44288008239751514,2,0.44288008239751514,0.4275253783076939,0.129594539294791
YARN-5864,0,0.5989286647824811,2,0.5989286647824811,0.3921784156737011,0.008892919543817861
YARN-5871,1,0.9981867633726197,1,0.000906618313690166,0.9981867633726197,0.000906618313690166
YARN-6740,2,0.788414662519575,2,0.0004992511233151946,0.21108608635710982,0.788414662519575
YARN-7402,1,0.5508363797412636,3,0.18272303378549634,0.5508363797412636,0.26644058647324004
YARN-7403,0,0.4221174963320282,3,0.4221174963320282,0.3025032201659724,0.2753792835019994
YARN-8234,2,0.5159771626048548,3,0.21913464702388274,0.2648881903712624,0.5159771626048548
YARN-8118,1,0.6317137224020434,3,0.1624470014305176,0.6317137224020434,0.2058392761674389
YARN-7834,1,0.794597309872196,2,0.20505821889115197,0.794597309872196,0.0003444712366519271
YARN-7898,2,0.6690469391599452,2,0.0005546311702718994,0.3303984296697829,0.6690469391599452
YARN-7899,1,0.4779456713262425,3,0.2805712903554212,0.4779456713262425,0.24148303831833623
YARN-8972,2,0.4490843001760704,3,0.23536105719905348,0.3155546426248762,0.4490843001760704
YARN-9075,2,0.9986693280106452,1,0.0006653359946774199,0.0006653359946774199,0.9986693280106452
YARN-9342,2,0.829137047648448,2,0.0006238303181537965,0.17023912203339825,0.829137047648448
YARN-9869,1,0.6151611206156522,2,0.38446892007987116,0.6151611206156522,0.00036995930447658625
YARN-9608,0,0.6454412978100477,2,0.6454412978100477,0.3543627390310261,0.00019596315892616442
YARN-8873,1,0.6806270965173173,2,0.0006653359946775163,0.6806270965173173,0.31870756748800516
YARN-8900,2,0.9989490278507618,1,0.0005254860746191128,0.0005254860746191128,0.9989490278507618
YARN-9834,1,0.6358366979210938,2,0.06186609944146736,0.6358366979210938,0.3022972026374389
YARN-9708,2,0.8477342121108707,2,0.0001850823616510285,0.15208070552747818,0.8477342121108707
YARN-10174,1,0.9985744832501781,1,0.0007127583749110047,0.9985744832501781,0.0007127583749110047
YARN-10775,2,0.5983663292372501,2,0.00017534630896026522,0.40145832445378965,0.5983663292372501
YARN-10306,2,0.9032454164124296,1,0.00015865460891644249,0.09659592897865392,0.9032454164124296
YARN-10538,0,0.6042188514715557,2,0.6042188514715557,0.1468338229080651,0.24894732562037916
YARN-10547,1,0.46295363705407877,3,0.20763866636821865,0.46295363705407877,0.3294076965777027
YARN-10559,1,0.5019735543627426,2,0.4978342488277245,0.5019735543627426,0.00019219680953299977
YARN-10638,0,0.6744039624603784,2,0.6744039624603784,0.00021724961981320934,0.32537878791980845
YARN-10444,1,0.563578045601676,2,0.00016940538709138384,0.563578045601676,0.43625254901123256
YARN-10680,0,0.9986693280106451,1,0.9986693280106451,0.0006653359946774711,0.0006653359946774711
YARN-10886,0,0.6079229988066115,2,0.6079229988066115,0.39188103803446245,0.00019596315892618233
YARN-10888,1,0.6409886651990367,2,0.263544428748567,0.6409886651990367,0.09546690605239634
YARN-11057,1,0.5830424450980041,2,0.00013883104262117424,0.5830424450980041,0.4168187238593749
YARN-10965,1,0.8028550819247479,2,0.19672877159168972,0.8028550819247479,0.00041614648356232825
YARN-11034,1,0.4319800612286455,3,0.30438007618966656,0.4319800612286455,0.2636398625816879
YARN-11015,0,0.6664380388577688,2,0.6664380388577688,0.3334920457398681,6.991540236315883e-05
YARN-11066,0,0.8857795428401172,1,0.8857795428401172,0.000161212316621073,0.11405924484326178
YARN-11104,1,0.8102670087420502,2,0.18938852002129788,0.8102670087420502,0.00034447123665182965
YARN-11090,2,0.9980059820538376,1,0.0009970089730812065,0.0009970089730812065,0.9980059820538376
YARN-11095,1,0.9351959285604656,1,0.0001885725061287201,0.9351959285604656,0.06461549893340564
YARN-11096,1,0.650554805884949,2,0.3489197080404319,0.650554805884949,0.0005254860746191051
YARN-11092,2,0.9396406126038399,1,0.00043421623968765234,0.0599251711564724,0.9396406126038399
YARN-11084,0,0.5291895616262481,2,0.5291895616262481,0.47051658001348157,0.0002938583602704276
YARN-11087,0,0.8497729563045586,1,0.8497729563045586,0.11718129904249543,0.03304574465294598
YARN-11110,1,0.695622267619055,2,0.3040209717673166,0.695622267619055,0.000356760613628335
YARN-11199,1,0.52085172827346,2,0.0003567606136284622,0.52085172827346,0.47879151111291146
YARN-11276,1,0.6566162371768474,2,0.0005871990604816681,0.6566162371768474,0.34279656376267104
YARN-11188,2,0.9504994687084165,1,0.03792150118176615,0.01157903010981722,0.9504994687084165
YARN-11252,2,0.7692798873802783,2,0.001422475106685788,0.22929763751303592,0.7692798873802783
YARN-11122,1,0.7498658807606189,2,0.00015144631228235757,0.7498658807606189,0.2499826729270988
YARN-11126,2,0.9693858381532601,1,0.03043568603021281,0.0001784758165270533,0.9693858381532601
YARN-11134,1,0.6199607539793627,2,0.07312877870420513,0.6199607539793627,0.30691046731643223
YARN-11140,2,0.8120953312626418,2,0.18735003756708637,0.0005546311702718279,0.8120953312626418
YARN-11152,0,0.761776872557664,2,0.761776872557664,0.2380861974135806,0.00013693002875538724
YARN-11327,2,0.5716495328964859,2,0.0001612123166210379,0.4281892547868931,0.5716495328964859
YARN-11331,2,0.8283191881608274,2,0.00012495314257160922,0.1715558586966009,0.8283191881608274
YARN-11332,0,0.7487294245598386,1,0.7487294245598386,0.1499147526322362,0.10135582280792511
YARN-11411,1,0.5542609896610043,3,0.25392058745211005,0.5542609896610043,0.19181842288688564
YARN-11412,1,0.6115999216256492,2,0.1379415553845696,0.6115999216256492,0.2504585229897812
YARN-11333,2,0.537316243157181,2,0.000665335994677442,0.46201842084814165,0.537316243157181
YARN-11335,2,0.7770600405475011,2,0.00020395676116672902,0.22273600269133212,0.7770600405475011
YARN-11340,0,0.5640849617268634,3,0.5640849617268634,0.18648501088129169,0.2494300273918449
YARN-11300,2,0.48384389465033006,2,0.1395643654881388,0.37659173986153116,0.48384389465033006
YARN-11423,2,0.9990921470721742,1,0.0004539264639129332,0.0004539264639129332,0.9990921470721742
YARN-11425,2,0.5178365455273354,2,0.4817095280087516,0.00045392646391295325,0.5178365455273354
YARN-11309,2,0.7904634751665467,2,0.00018171906232975526,0.20935480577112364,0.7904634751665467
YARN-11315,2,0.9990489776509747,1,0.0004755111745126568,0.0004755111745126568,0.9990489776509747
YARN-11345,2,0.611719281451085,2,0.0014224751066859624,0.386858243442229,0.611719281451085
YARN-11391,1,0.6520132790960835,2,0.0001817190623297281,0.6520132790960835,0.3478050018415869
YARN-11303,2,0.8848851626500605,1,0.0008312551953455305,0.114283582154594,0.8848851626500605
YARN-11351,2,0.7664295581124381,2,0.0002562131693569563,0.23331422871820506,0.7664295581124381
YARN-11352,1,0.9993110575266964,1,0.0003444712366517747,0.9993110575266964,0.0003444712366517747
YARN-11354,2,0.7684968415584903,2,0.0008312551953450609,0.23067190324616468,0.7684968415584903
YARN-11355,0,0.9994449070219262,1,0.9994449070219262,0.00027754648903692894,0.00027754648903692894
YARN-11356,2,0.9990014977533699,1,0.0004992511233150951,0.0004992511233150951,0.9990014977533699
YARN-11358,2,0.9995003747189607,1,0.000249812640519627,0.000249812640519627,0.9995003747189607
YARN-11401,0,0.9411310196321152,1,0.9411310196321152,0.0002562131693569644,0.05861276719852781
YARN-11361,2,0.9990014977533698,1,0.0004992511233151069,0.0004992511233151069,0.9990014977533698
YARN-11448,2,0.9191627962873369,1,7.192692224701186e-05,0.08076527679041601,0.9191627962873369
YARN-11440,0,0.5860018791336021,2,0.5860018791336021,0.0011074197120710869,0.4128907011543268
